1.05986915711448e-15,2.19148991968484e-15,3.46612497117692e-15,4.95452142023441e-15,6.72693012968637e-15,8.85312478941861e-15,1.14024207392187e-14,1.44436935476033e-14,1.80453973525367e-14,2.22755829698536e-14
0,0,0,0,0,0,0,0,0,0
0,0,0,0,0,0,0,0,0,0
2.32168016840688e-16,4.64339407498725e-16,6.96514536569257e-16,9.28693964494877e-16,1.16087844618508e-15,1.39306892968857e-15,1.62526655491769e-15,1.85747265242441e-15,2.08968874222702e-15,2.32191653268709e-15
0,0,0,0,0,0,0,0,0,0
0,0,0,0,0,0,0,0,0,0
9.85037206414751e-13,1.96273228909995e-12,2.93335403244774e-12,3.89716762156481e-12,4.85443472751238e-12,5.80541359112863e-12,6.75035910546251e-12,7.68952289684769e-12,8.62315340464458e-12,9.55149595967802e-12
0,0,0,0,0,0,0,0,0,0
0,0,0,0,0,0,0,0,0,0
0,0,0,0,0,0,0,0,0,0
3.79811489300601e-15,1.51544131530334e-14,3.40133840875893e-14,6.03215732315461e-14,9.40275549550759e-14,1.35081905722616e-13,1.83437177992055e-13,2.39047874743566e-13,3.01870424627701e-13,3.71863157722625e-13
0,0,0,0,0,0,0,0,0,0
1.54013828327667e-12,3.08027865711827e-12,4.62042112153147e-12,6.16056567652291e-12,7.70071232209917e-12,9.24086105826679e-12,1.07810118850323e-11,1.2321164802402e-11,1.38613198103826e-11,1.54014769089802e-11
4.35210799297684e-10,4.35211598595368e-10,4.35212397893052e-10,4.35213197190736e-10,4.3521399648842e-10,4.35214795786105e-10,4.35215595083789e-10,4.35216394381473e-10,4.35217193679157e-10,4.35217992976841e-10
5.04170000011273e-06,5.04170000022545e-06,5.04170000033818e-06,5.0417000004509e-06,5.04170000056363e-06,5.04170000067635e-06,5.04170000078908e-06,5.0417000009018e-06,5.04170000101453e-06,5.04170000112726e-06
1.7041e-06,1.7041e-06,1.7041e-06,1.7041e-06,1.7041e-06,1.7041e-06,1.7041e-06,1.7041e-06,1.7041e-06,1.7041e-06
0,0,0,0,0,0,0,0,0,0
0,0,0,0,0,0,0,0,0,0
1.28752560751646e-16,2.57505121503293e-16,3.86257682254939e-16,5.15010243006585e-16,6.43762803758231e-16,7.72515364509878e-16,9.01267925261524e-16,1.03002048601317e-15,1.15877304676482e-15,1.28752560751646e-15
0,0,0,0,0,0,0,0,0,0
3.9471e-06,3.9471e-06,3.9471e-06,3.9471e-06,3.9471e-06,3.9471e-06,3.9471e-06,3.9471e-06,3.9471e-06,3.9471e-06
2.87835807286757e-20,5.7569714359357e-20,8.63584119375765e-20,1.15149674066915e-19,1.43943501431303e-19,1.72739894798515e-19,2.01538855022938e-19,2.30340383048338e-19,2.59144479910613e-19,2.87951146740563e-19
5.38708539033356e-21,5.38754453674479e-21,5.38800393488966e-21,5.38846360125243e-21,5.38892355447425e-21,5.38938381358071e-21,5.38984439797041e-21,5.39030532741526e-21,5.39076662206079e-21,5.3912283024263e-21
0,0,0,0,0,0,0,0,0,0
1.21716166181971e-19,2.48829567333478e-19,3.7595383657616e-19,5.03088980040851e-19,6.30235004286086e-19,7.57391916316111e-19,8.84559723589773e-19,1.01173843402936e-18,1.13892805602945e-18,1.26612859846578e-18
0,0,0,0,0,0,0,0,0,0
2.21858308950422e-20,4.43874783861925e-20,6.66049752173752e-20,8.88383229899201e-20,1.11087523347008e-19,1.33352577975426e-19,1.55633488606934e-19,1.77930257019627e-19,2.00242885039299e-19,2.22571374540809e-19
0,0,0,0,0,0,0,0,0,0
1.09551782694875e-18,2.19109106318722e-18,3.28671983908012e-18,4.38240417933682e-18,5.47814410961345e-18,6.57393965654777e-18,7.66979084778681e-18,8.76569771201449e-18,9.86166027897931e-18,1.09576785795219e-17
0,0,0,0,0,0,0,0,0,0
9.66853364114639e-18,1.92523458354833e-17,2.87521811825732e-17,3.81687773338235e-17,4.75028654666102e-17,5.67551703412752e-17,6.59264103575897e-17,7.5017297610722e-17,8.40285379467145e-17,9.29608310174733e-17
3.10165342097007e-16,6.20333998081181e-16,9.3050597041104e-16,1.24068125884032e-15,1.55085986317538e-15,1.86104178327476e-15,2.17122701904981e-15,2.48141557046526e-15,2.79160743753985e-15,3.10180262034697e-15
0,0,0,0,0,0,0,0,0,0
4.79501816407497e-17,7.21004205244208e-17,8.42639708850148e-17,9.03905022914961e-17,9.34765277579536e-17,9.50312218950532e-17,9.58146708431986e-17,9.62096871277938e-17,9.64090718320978e-17,9.65099279924164e-17
2.65324345803099e-16,5.29778592122916e-16,7.93365554549419e-16,1.0560880610537e-15,1.31794894333478e-15,1.57895103035755e-15,1.83909714511389e-15,2.09839010300708e-15,2.35683271105372e-15,2.61442776749742e-15
1.94623033525385e-17,6.27217531211229e-17,1.17966783142003e-16,1.79248573724138e-16,2.43571039911579e-16,3.09425222707686e-16,3.76051144592755e-16,4.43066047778459e-16,5.1027715878344e-16,5.77587388509884e-16
1.19268895829081e-18,1.25979971126954e-18,1.32669548180319e-18,1.39337578257791e-18,1.45983943929683e-18,1.52608621637467e-18,1.59211634983862e-18,1.65793031207834e-18,1.7235286933678e-18,1.78891214219866e-18
1.06633125186264e-18,1.65605256012559e-18,1.98219667384162e-18,2.16257693198486e-18,2.26234664427576e-18,2.31753699216055e-18,2.34807399406426e-18,2.36497716702136e-18,2.37434054132151e-18,2.37953424719804e-18
1.21230000306512e-08,1.21230000633013e-08,1.21230000968221e-08,1.2123000131211e-08,1.2123000166465e-08,1.21230002025815e-08,1.21230002395575e-08,1.21230002773902e-08,1.21230003160769e-08,1.21230003556148e-08
2.61460524142814e-09,2.61461048333307e-09,2.61461572550175e-09,2.61462096781639e-09,2.61462621021181e-09,2.61463145265201e-09,2.61463669511704e-09,2.61464193759589e-09,2.61464718008247e-09,2.61465242257341e-09
3.95303996760891e-09,3.9530799352985e-09,3.9531199030688e-09,3.95315987091981e-09,3.95319983885154e-09,3.95323980686399e-09,3.95327977495717e-09,3.95331974313107e-09,3.95335971138569e-09,3.95339967972104e-09
9.81163696225147e-15,1.96233720804615e-14,2.94352053549025e-14,3.92471367857737e-14,4.90591663732772e-14,5.88712941176165e-14,6.8683520018997e-14,7.84958440776245e-14,8.83082662937064e-14,9.81207866674504e-14
3.92060007352862e-09,3.92060014744026e-09,3.92060022173488e-09,3.92060029641246e-09,3.92060037147298e-09,3.92060044691643e-09,3.92060052274282e-09,3.92060059895215e-09,3.92060067554442e-09,3.92060075251963e-09
3.23910095551666e-15,5.12432176264625e-15,6.22155908802772e-15,6.86017533781305e-15,7.23186557256121e-15,7.44819989124624e-15,7.57411417147126e-15,7.64740230462161e-15,7.69006104010807e-15,7.71489289621336e-15
6.18441291139491e-10,6.18442582346157e-10,6.18443873598276e-10,6.18445164883193e-10,6.18446456193544e-10,6.18447747525044e-10,6.18449038875203e-10,6.18450330242572e-10,6.18451621626311e-10,6.18452913025934e-10
6.88152414540673e-16,1.75683402702732e-15,2.62698056980746e-15,3.22558640806436e-15,3.60821676895343e-15,3.84362909104693e-15,3.98536673387131e-15,4.06961613797661e-15,4.11930407944943e-15,4.14846724099278e-15
0,0,0,0,0,0,0,0,0,0
0,0,0,0,0,0,0,0,0,0
2.57222231557346e-16,1.47318501976407e-15,3.6671603852889e-15,6.58634722175323e-15,9.9855557383947e-15,1.36856638497177e-14,1.75688940572028e-14,2.15616745073548e-14,2.56193194369858e-14,2.97151280351194e-14
1.8076743150098e-20,2.18858498711207e-19,8.64527768058631e-19,2.17654715582586e-18,4.30938937898858e-18,7.36246005447783e-18,1.1397143532541e-17,1.64504774092895e-17,2.25445053856945e-17,2.96922385442814e-17
0,0,0,0,0,0,0,0,0,0
9.68287946900272e-21,1.93704078029661e-20,2.90751191240558e-20,3.88194264774055e-20,4.86332411923354e-20,5.85514870999618e-20,6.86122462231974e-20,7.88555281766488e-20,8.93224977215153e-20,1.00055004311303e-19
0,0,0,0,0,0,0,0,0,0
0,0,0,0,0,0,0,0,0,0
3.76137534826969e-19,7.52298267654826e-19,1.12848221270162e-18,1.50468937935332e-18,1.88091977891919e-18,2.25717342494599e-18,2.63345033342184e-18,3.00975052291181e-18,3.38607401464967e-18,3.76242083260258e-18
1.36278179753921e-17,1.36279882158636e-17,1.36281128547862e-17,1.36282375027519e-17,1.36283621610062e-17,1.36284868306805e-17,1.36286115129439e-17,1.36287362090036e-17,1.36288609201046e-17,1.36289856475302e-17
0,0,0,0,0,0,0,0,0,0
2.88911757029816e-16,5.77827151691821e-16,8.66746074867517e-16,1.15566852729937e-15,1.4445945097935e-15,1.73352402322214e-15,2.02245706852537e-15,2.31139364671294e-15,2.60033375886604e-15,2.88927740613908e-15
0,0,0,0,0,0,0,0,0,0
1.5708431073414e-16,3.28887220182348e-16,5.0069167340772e-16,6.72497620897623e-16,8.44305062773976e-16,1.01611399917288e-15,1.18792443024496e-15,1.3597363561558e-15,1.53154977708646e-15,1.70336469323392e-15
0,0,0,0,0,0,0,0,0,0
1.09041336489641e-18,1.09042735223529e-18,1.09043732527518e-18,1.09044729903689e-18,1.09045727362128e-18,1.09046724911885e-18,1.09047722562314e-18,1.09048720323073e-18,1.09049718204123e-18,1.0905071621573e-18
0,0,0,0,0,0,0,0,0,0
0,0,0,0,0,0,0,0,0,0
6.03636826193679e-25,1.13734539981064e-24,1.67105877617751e-24,2.20477680200459e-24,2.7384994782966e-24,3.27222680612392e-24,3.80595878662276e-24,4.33969542099649e-24,4.87343671051705e-24,5.40718265652644e-24
0,0,0,0,0,0,0,0,0,0
6.59349055161734e-20,2.34528990361669e-19,5.06490145905353e-19,8.81819274915586e-19,1.36051727797844e-18,1.94258505588111e-18,2.62802350962456e-18,3.41683354043641e-18,4.3090160497841e-18,5.30457193938825e-18
0,0,0,0,0,0,0,0,0,0
6.67206570284056e-23,1.38555216052578e-22,2.19997807623424e-22,3.15544922989814e-22,4.29693093540376e-22,5.66938890850592e-22,7.31778926723771e-22,9.28709853232554e-22,1.16222836276101e-21,1.43683118804731e-21
0,0,0,0,0,0,0,0,0,0
3.99038510652749e-21,7.98188959219629e-21,1.19744835090959e-20,1.59681398727744e-20,1.99628373716689e-20,2.39585595597612e-20,2.79552942313179e-20,3.19530329159846e-20,3.59517704616171e-20,3.99515046855168e-20
0,0,0,0,0,0,0,0,0,0
6.46885428332137e-20,9.14480098658093e-20,1.02523105567889e-19,1.0711241556642e-19,1.0901973248376e-19,1.0981799817578e-19,1.10157654763461e-19,1.10307672976236e-19,1.10379277789254e-19,1.10418463282141e-19
0,0,0,0,0,0,0,0,0,0
1.36177532874045e-18,2.72382832793263e-18,4.08615824598901e-18,5.44876430556907e-18,6.81164623468355e-18,8.17480397623598e-18,9.53823756807171e-18,1.09019470935673e-17,1.22659326613899e-17,1.36301943973186e-17
5.16675158842602e-24,7.93382636770379e-24,1.07029034543921e-23,1.34741207821155e-23,1.62476335667092e-23,1.90236002553522e-23,2.18021824427256e-23,2.45835448735587e-23,2.73678554477405e-23,3.01552852263353e-23
0,0,0,0,0,0,0,0,0,0
0,0,0,0,0,0,0,0,0,0
5.21472441376648e-21,1.335610430578e-20,2.41810176632843e-20,3.74525371872162e-20,5.2955008052281e-20,7.04921612315818e-20,8.98853919917149e-20,1.10972191605241e-19,1.33604718659054e-19,1.57648497533561e-19
0,0,0,0,0,0,0,0,0,0
1.82023793384555e-24,3.36051702511568e-24,4.66400125380952e-24,5.76717107872632e-24,6.70087486113672e-24,7.49120520906622e-24,8.16023497803047e-24,8.72663771666184e-24,9.20621166332605e-24,9.61232268670175e-24
0,0,0,0,0,0,0,0,0,0
1.90559286442966e-24,3.76359584422528e-24,5.57524246523542e-24,7.34171076282359e-24,9.06413914270659e-24,1.07436333163636e-23,1.23812695772767e-23,1.39780965538162e-23,1.55351363222205e-23,1.70533852452458e-23
0,0,0,0,0,0,0,0,0,0
3.26489054480197e-20,1.03278045906677e-19,1.89621215138311e-19,2.82470869255612e-19,3.78019514885733e-19,4.74692683866055e-19,5.71839307307363e-19,6.69190160058857e-19,7.66633917073806e-19,8.64124548412063e-19
0,0,0,0,0,0,0,0,0,0
6.34326634475468e-23,8.97162821186165e-23,1.00594429783517e-22,1.05102122191775e-22,1.06975512682753e-22,1.0775957297438e-22,1.08093179002596e-22,1.08240518660112e-22,1.08310839128716e-22,1.08349316632576e-22
0,0,0,0,0,0,0,0,0,0
1.31446551446848e-27,3.53598916707621e-27,6.25172019355318e-27,9.17208071805956e-27,1.21773248239329e-26,1.52179353904466e-26,1.82734362675186e-26,2.13353603170955e-26,2.44002063705359e-26,2.74665267951054e-26
4.03008802504388e-23,6.24095593798903e-23,8.45341975067774e-23,1.06675862136642e-22,1.2883579110851e-22,1.51015248274705e-22,1.73215522646208e-22,1.95437928410851e-22,2.1768380497361e-22,2.39954517004375e-22
0,0,0,0,0,0,0,0,0,0
0,0,0,0,0,0,0,0,0,0
3.66833029354962e-27,5.63391559948258e-27,7.60092227043921e-27,9.56944824465304e-27,1.15396037317428e-26,1.35115012370374e-26,1.54852555020554e-26,1.7460983506313e-26,1.94388044709518e-26,2.14188398630087e-26
0,0,0,0,0,0,0,0,0,0
4.933748748758e-27,1.2595913348565e-26,2.27703061049796e-26,3.52351319295363e-26,4.97885103419038e-26,6.62467087816684e-26,8.44425310318442e-26,1.04223849078567e-25,1.2545226565246e-25,1.48001895820004e-25
6.88289157147396e-27,1.38392311762809e-26,2.08082060401543e-26,2.77903220172282e-26,3.47861997053476e-26,4.1796468619047e-26,4.88217666366693e-26,5.58627400657091e-26,6.29200437112807e-26,6.99943409440841e-26
0,0,0,0,0,0,0,0,0,0
4.60169884627718e-23,2.12610779891141e-22,5.55697392125689e-22,1.09841794790171e-21,1.85036044606511e-21,2.81550841594924e-21,3.99552783979336e-21,5.39112635925427e-21,7.00261533428765e-21,8.83014226615107e-21
0,0,0,0,0,0,0,0,0,0
6.69917676755785e-22,1.87796113686616e-21,3.60627406148416e-21,5.85524924322247e-21,8.62530813931615e-21,1.19169018382867e-20,1.57305115389094e-20,2.00666490938867e-20,2.49258575825512e-20,3.03087118963146e-20
0,0,0,0,0,0,0,0,0,0
0,0,0,0,0,0,0,0,0,0
2.24295346348896e-22,1.0795196767914e-21,2.8277605963909e-21,5.70809889618824e-21,9.93853687930579e-21,1.57178921558822e-20,2.32275232808544e-20,3.26329021682835e-20,4.40850469207135e-20,5.77218274983075e-20
0,0,0,0,0,0,0,0,0,0
3.39141822188866e-26,1.50216543382824e-25,3.60140809760079e-25,6.78131904114164e-25,1.1218826566107e-24,1.71204811892915e-24,2.47198557030131e-24,3.42751793274642e-24,4.60671851718426e-24,6.03971520711092e-24
1.40553223872e-24,6.01352965769836e-24,1.38391026577472e-23,2.4882490842539e-23,3.91440393531874e-23,5.66242036813353e-23,7.73235544212179e-23,1.01242781972801e-22,1.28382701200926e-22,1.58744256054969e-22
0,0,0,0,0,0,0,0,0,0
0,0,0,0,0,0,0,0,0,0
2.16067267761626e-26,2.16674903860332e-26,2.17535127319016e-26,2.18655817598535e-26,2.20044856862832e-26,2.21710139022491e-26,2.23659578694483e-26,2.25901120083755e-26,2.28442745792295e-26,2.31292485560154e-26
6.08801061352933e-31,2.60792562706671e-30,6.00590730767333e-30,1.08050526632337e-29,1.70079776504078e-29,2.46176547239549e-29,3.36374560107337e-29,4.40711928741725e-29,5.59231521936302e-29,6.91981296546515e-29
0,0,0,0,0,0,0,0,0,0
0,0,0,0,0,0,0,0,0,0
1.28889167200868e-24,2.60230563805669e-24,3.92017112198297e-24,5.24404546768044e-24,6.57553387169404e-24,7.91628942793481e-24,9.26801322718431e-24,1.06324545108842e-23,1.20114108787502e-23,1.34067285497812e-23
0,0,0,0,0,0,0,0,0,0
1.73380511656625e-29,1.73868098834276e-29,1.74558372780348e-29,1.75457657213733e-29,1.76572278071728e-29,1.77908570776218e-29,1.79472887432256e-29,1.81271603963645e-29,1.83311127190075e-29,1.85597901849455e-29
2.63935603188309e-32,5.22808261710579e-32,7.82390640757329e-32,1.04300976659431e-31,1.30499964811764e-31,1.56870170205848e-31,1.83446514166684e-31,2.1026473350888e-31,2.37361413864692e-31,2.6477402095428e-31
0,0,0,0,0,0,0,0,0,0
0,0,0,0,0,0,0,0,0,0
1.04268817184567e-26,1.96438960280903e-26,2.78082406524599e-26,3.50568860664055e-26,4.1509244967717e-26,4.72694619371948e-26,5.24284080695561e-26,5.70654187704685e-26,6.12498079713797e-26,6.50421877094975e-26
1.18327470222197e-25,1.19463274518335e-25,1.19480425332486e-25,1.194863952309e-25,1.19491818201449e-25,1.19496855318789e-25,1.19501560385147e-25,1.19505979837407e-25,1.19510154583496e-25,1.19514120789837e-25
0,0,0,0,0,0,0,0,0,0
2.36352960565992e-27,9.20748155272348e-27,2.03847731821067e-26,3.57715030013364e-26,5.52652977822124e-26,7.8783157074094e-26,1.0625959537703e-25,1.37645043867189e-25,1.72904478514191e-25,2.12016245738705e-25
4.37444658271224e-25,9.92113727150483e-25,1.54793310903947e-24,2.10379342970634e-24,2.65968246023661e-24,3.2155987233556e-24,3.77154109430028e-24,4.32750867204978e-24,4.88350075274739e-24,5.43951680776731e-24
4.7499771112457e-24,9.50009797832049e-24,1.42503678729078e-23,1.90007868907835e-23,2.3751355079409e-23,2.85020724868961e-23,3.32529391625284e-23,3.80039551568148e-23,4.27551205215323e-23,4.75064353097644e-23
1.17792944803354e-24,2.35603052418792e-24,3.53430439390315e-24,4.71275218594041e-24,5.89137507308343e-24,7.07017427256352e-24,8.24915104601433e-24,9.4283066994248e-24,1.06076425830922e-23,1.17871600915758e-23
3.5094507593417e-22,7.02155772916245e-22,1.05363237003023e-21,1.40537513235633e-21,1.7573843344882e-21,2.10966026060543e-21,2.46220320447706e-21,2.81501346946486e-21,3.16809136852661e-21,3.52143722421937e-21
2.66629958423219e-22,2.66634646253026e-22,2.6663933123095e-22,2.66644061785933e-22,2.6664883978857e-22,2.6665366710992e-22,2.66658545621077e-22,2.66663477193175e-22,2.66668463697398e-22,2.66673507004985e-22
2.68655966152159e-31,5.37997301222362e-31,8.08367080624246e-31,1.08010900147325e-30,1.35358098467791e-30,1.62915523928661e-30,1.90721824761853e-30,2.18817075009128e-30,2.47242773016897e-30,2.7604183994365e-30
7.57972688651052e-25,1.51616141483825e-24,2.2743842078731e-24,3.03264582554645e-24,3.79095123339862e-24,4.54930560468755e-24,5.30771432018941e-24,6.06618296799906e-24,6.82471734333137e-24,7.58332344832326e-24
0,0,0,0,0,0,0,0,0,0
1.79857478249914e-23,3.59757318803021e-23,5.39702105041064e-23,7.19694273449981e-23,8.99736362858218e-23,1.07983101489365e-22,1.25998097392301e-22,1.44018908698906e-22,1.6204583037485e-22,1.80079167641033e-22
0,0,0,0,0,0,0,0,0,0
2.59039709127768e-20,5.18143445843474e-20,7.77311545826961e-20,1.03654404958953e-19,1.29584099935544e-19,1.55520243927916e-19,1.81462841551994e-19,2.07411897631555e-19,2.33367417205599e-19,2.59329405535725e-19
0,0,0,0,0,0,0,0,0,0
1.35689331572309e-19,2.66801074814946e-19,3.93490053146769e-19,5.15905816536688e-19,6.34192858613197e-19,7.48490787645948e-19,8.58934491743316e-19,9.65654298464194e-19,1.06877612903287e-18,1.16842164733949e-18
4.03969283837214e-18,4.04026291513202e-18,4.04033554299978e-18,4.04040812522723e-18,4.04048072473062e-18,4.04055334322213e-18,4.04062598245553e-18,4.04069864423367e-18,4.04077133040856e-18,4.04084404288134e-18
0,0,0,0,0,0,0,0,0,0
0,0,0,0,0,0,0,0,0,0
3.57383130579144e-19,3.70993587684685e-19,3.8086518342943e-19,3.88050056119231e-19,3.93279989411508e-19,3.97087447982071e-19,3.99859869913519e-19,4.01879167383296e-19,4.03350468605208e-19,4.0442303136935e-19
4.63219450692129e-18,8.50486656700422e-18,1.13228985323193e-17,1.33734794136461e-17,1.4865638780672e-17,1.59514731272952e-17,1.67416526446646e-17,1.73167044441916e-17,1.77352225852166e-17,1.80398419491582e-17
0,0,0,0,0,0,0,0,0,0
0,0,0,0,0,0,0,0,0,0
4.51680619289468e-20,6.1273877193224e-20,6.70197173892264e-20,6.90724966103113e-20,6.98088157696945e-20,7.00758791004241e-20,7.01756965584133e-20,7.02159290470659e-20,7.0234956565092e-20,7.02464620870879e-20
7.34284022502387e-16,7.34308045631447e-16,7.34317343025518e-16,7.34326643024248e-16,7.34335946158693e-16,7.34345252666636e-16,7.34354562788715e-16,7.34363876768443e-16,7.34373194852224e-16,7.34382517289356e-16
0,0,0,0,0,0,0,0,0,0
2.73400781850898e-17,5.98231509638662e-17,9.33657389320427e-17,1.27679107611243e-16,1.62553498596121e-16,1.9783628517319e-16,2.33416411406845e-16,2.69213069570542e-16,3.05167461490007e-16,3.4123680383776e-16
6.84868453454632e-24,1.18165684967914e-23,1.69465010015042e-23,2.21943210754948e-23,2.75279471036035e-23,3.2924035515788e-23,3.83656008120177e-23,4.38402838244443e-23,4.93390916507373e-23,5.48554807900636e-23
1.00750833041629e-20,3.09055245530478e-20,5.55717098136424e-20,8.16069690453614e-20,1.08132003187032e-19,1.34833374474364e-19,1.61599362041574e-19,1.88390152929983e-19,2.15191568209049e-19,2.41998567418496e-19
1.20124129917858e-20,1.20131720957645e-20,1.20139351283112e-20,1.20146996537231e-20,1.20154648167361e-20,1.20162303268738e-20,1.20169960955396e-20,1.2017762106633e-20,1.20185283704277e-20,1.20192949071291e-20
5.61804130207736e-18,5.69297526568843e-18,5.69408462516815e-18,5.6942108045825e-18,5.69432392969376e-18,5.69443692414217e-18,5.69454996336711e-18,5.69466305311086e-18,5.69477619694265e-18,5.69488939848983e-18
2.2046390314694e-17,2.20471268842062e-17,2.20474104317364e-17,2.204769405906e-17,2.20479777826049e-17,2.20482616097264e-17,2.20485455478704e-17,2.20488296045746e-17,2.20491137874685e-17,2.2049398104274e-17
1.25265944852778e-16,1.25267478243595e-16,1.25269012069515e-16,1.25270546377132e-16,1.25272081205573e-16,1.2527361659438e-16,1.25275152583556e-16,1.25276689213571e-16,1.25278226525359e-16,1.25279764560326e-16
8.39734116711448e-21,2.57193648528081e-20,5.24361538659392e-20,8.88057126022093e-20,1.35015813243723e-19,1.91203135425215e-19,2.57467182267531e-19,3.3388040612036e-19,4.20495576372262e-19,5.17351140502423e-19
0,0,0,0,0,0,0,0,0,0
0,0,0,0,0,0,0,0,0,0
0,0,0,0,0,0,0,0,0,0
7.96445333063485e-19,1.60495325635711e-18,2.41351309327094e-18,3.22212501273083e-18,4.03078908146261e-18,4.83950533084171e-18,5.64827378063281e-18,6.4570944474866e-18,7.26596734800444e-18,8.07489249986653e-18
0,0,0,0,0,0,0,0,0,0
0,0,0,0,0,0,0,0,0,0
0,0,0,0,0,0,0,0,0,0
1.87662022885268e-17,4.30158290228376e-17,6.73390012245916e-17,9.1663668760512e-17,1.15988872212637e-16,1.40314598982821e-16,1.64640849096928e-16,1.88967622763324e-16,2.13294920207548e-16,2.37622741670481e-16
7.23401273664651e-15,1.5224449408729e-14,2.32150476223037e-14,3.12057922580187e-14,3.91966833504624e-14,4.71877209367903e-14,5.51789050568364e-14,6.31702357531505e-14,7.11617130710326e-14,7.91533370585656e-14
0,0,0,0,0,0,0,0,0,0
0,0,0,0,0,0,0,0,0,0
0,0,0,0,0,0,0,0,0,0
5.4252859020059e-19,5.49212711346835e-19,5.55176763196482e-19,5.61139960970054e-19,5.67103273611392e-19,5.73066703206068e-19,5.79030250564648e-19,5.8499391652264e-19,5.90957701942281e-19,5.96921607712591e-19
0,0,0,0,0,0,0,0,0,0
0,0,0,0,0,0,0,0,0,0
5.63760599587554e-17,1.12753644482179e-16,1.69132696005044e-16,2.25513214913185e-16,2.81895201722114e-16,3.38278656994759e-16,3.94663581342584e-16,4.51049975426812e-16,5.07437839959659e-16,5.6382717570556e-16
0,0,0,0,0,0,0,0,0,0
1.87541490489913e-16,1.8754389744162e-16,1.87546305101099e-16,1.87548713541406e-16,1.87551122825393e-16,1.8755353301668e-16,1.87555944179725e-16,1.87558356379827e-16,1.87560769683127e-16,1.87563184156612e-16
0,0,0,0,0,0,0,0,0,0
0,0,0,0,0,0,0,0,0,0
1.04304739022827e-18,1.0430624491945e-18,1.04307751302751e-18,1.04309258217757e-18,1.04310765706217e-18,1.04312273810535e-18,1.04313782573792e-18,1.04315292039748e-18,1.04316802252843e-18,1.04318313258201e-18
0,0,0,0,0,0,0,0,0,0
0,0,0,0,0,0,0,0,0,0
0,0,0,0,0,0,0,0,0,0
1.34364338378909e-14,2.69041536357003e-14,4.03720353597006e-14,5.38400790463894e-14,6.73082847357336e-14,8.07766524711837e-14,9.4245182299737e-14,1.07713874272e-13,1.21182728442252e-13,1.34651744868508e-13
0,0,0,0,0,0,0,0,0,0
0,0,0,0,0,0,0,0,0,0
1.34716741119735e-18,1.34718437579981e-18,1.34720134445868e-18,1.34721831760794e-18,1.34723529560059e-18,1.34725227879296e-18,1.34726926754521e-18,1.34728626222143e-18,1.34730326318956e-18,1.34732027082148e-18
0,0,0,0,0,0,0,0,0,0
3.03941774329813e-18,6.65375188884726e-18,1.03082247822876e-17,1.40021179789119e-17,1.77354312761508e-17,2.15081654434098e-17,2.5320321256665e-17,2.91718994973398e-17,3.30629009524805e-17,3.69933264149332e-17
2.11620853970043e-20,4.3729681521208e-20,6.77158359060615e-20,9.30821315702345e-20,1.19791809037636e-19,1.47809760211266e-19,1.7710245431419e-19,2.07637867064623e-19,2.39385413031614e-19,2.72315881028602e-19
1.67646802134147e-14,3.38434201437578e-14,5.09223787057933e-14,6.8001555968585e-14,8.50809520070537e-14,1.02160566901857e-13,1.19240400739466e-13,1.36320453612242e-13,1.53400725618513e-13,1.70481216862656e-13
6.07799832835115e-18,7.26646009557401e-18,8.10379458031955e-18,8.91591986310472e-18,9.72624418962142e-18,1.05364488135536e-17,1.13466545036779e-17,1.21568699514932e-17,1.29670957993849e-17,1.37773321121853e-17
1.79102885016193e-14,3.57657426817038e-14,5.35651925387406e-14,7.13088145133072e-14,8.89967845051543e-14,1.06629277865764e-13,1.24206469399488e-13,1.41728533365288e-13,1.59195643478506e-13,1.76607972912644e-13
4.84194213427887e-22,1.97230825230468e-21,4.53007185980453e-21,8.22177501196446e-21,1.31099797797106e-20,1.92555974817791e-20,2.67179628473636e-20,3.55549048493267e-20,4.58228143568636e-20,5.7576708750452e-20
1.79612897823564e-18,6.58248437239048e-18,1.43496874028725e-17,2.50883886917466e-17,3.87892683187506e-17,5.54430357300694e-17,7.5040429646774e-17,9.75722179735162e-17,1.23029197707517e-16,1.51402194847855e-16
9.35048954608603e-16,9.96806040320129e-16,1.00089849341578e-15,1.00118327631695e-15,1.0012166374719e-15,1.00123340112307e-15,1.00124907338662e-15,1.00126467851495e-15,1.00128028451228e-15,1.00129589624938e-15
1.26485954795131e-19,2.52992076618218e-19,3.79514363740419e-19,5.06052550737038e-19,6.32606629660244e-19,7.5917661025013e-19,8.85762504116883e-19,1.0123643237134e-18,1.13898208228464e-18,1.26561579388137e-18
1.23160761782349e-16,1.32520703249784e-16,1.33140683924838e-16,1.33183553627873e-16,1.33188316424976e-16,1.33190563529724e-16,1.33192645124958e-16,1.33194716444461e-16,1.33196787787737e-16,1.33198859885266e-16
1.69163356932075e-15,4.37036663314246e-15,7.11554460116932e-15,9.86514991247001e-15,1.26150874736928e-14,1.53650868913353e-14,1.81151303229569e-14,2.08652166033847e-14,2.3615345669672e-14,2.6365517532682e-14
1.91042025920915e-20,3.04167047233465e-20,3.95763656311111e-20,4.80298751308484e-20,5.62426313731081e-20,6.43727257481467e-20,7.24744522294342e-20,8.05664968355271e-20,8.86552932566719e-20,9.67430568473966e-20
1.00155276479611e-18,2.00317171442109e-18,3.00485545138076e-18,4.00660351381134e-18,5.00841577565336e-18,6.01029222441229e-18,7.012232888702e-18,8.01423781357424e-18,9.01630705205517e-18,1.00184406622493e-17
7.12161776283858e-18,7.12168365670925e-18,7.12174953137148e-18,7.12181539132646e-18,7.12188124067849e-18,7.12194708317896e-18,7.1220129222687e-18,7.12207876111577e-18,7.12214460264894e-18,7.12221044958731e-18
1.8507502645697e-16,3.48955657694181e-16,4.94069384143636e-16,6.22565678543834e-16,7.36347823471399e-16,8.37101108780734e-16,9.26317799443297e-16,1.00531924369073e-15,1.07527544899767e-15,1.13722241592569e-15
1.14589070382302e-20,3.8173568081592e-20,7.55855195089509e-20,1.22319731249299e-19,1.77915668641218e-19,2.42215692018379e-19,3.15165667413925e-19,3.96747049420078e-19,4.86953543656404e-19,5.85783074029633e-19
3.28643962476792e-25,3.59709508372361e-25,4.01803618100266e-25,4.54316735244375e-25,5.16793940062159e-25,5.89059451664966e-25,6.7105134412815e-25,7.62748286808704e-25,8.64143036619547e-25,9.75233210077881e-25
6.41258652080434e-17,6.97299836169662e-17,7.0166421770313e-17,7.02009630445416e-17,7.02042482058065e-17,7.02051024691027e-17,7.02057676383362e-17,7.02064180908518e-17,7.02070674154689e-17,7.02077166943026e-17
7.72498964851117e-21,1.45622850514326e-20,2.0616334784394e-20,2.59770953011303e-20,3.07239919147769e-20,3.49273352205462e-20,3.86493814020725e-20,4.194525601662e-20,4.48637708016859e-20,4.74481468373038e-20
1.47199444569006e-23,3.57642306033865e-23,6.39928397820963e-23,9.99331088419975e-23,1.44031630108964e-22,1.96717801298847e-22,2.58415920853737e-22,3.29548594793505e-22,4.10537851584418e-22,5.01805521998638e-22
1.08046186902678e-16,2.81736791607924e-16,4.60596700315142e-16,6.39860162867981e-16,8.19156541040391e-16,9.98457009834854e-16,1.17775932754317e-15,1.35706331992916e-15,1.53636897360019e-15,1.71567628772311e-15
1.14358527165674e-17,4.40739416092655e-17,9.55374639810638e-17,1.63699590930931e-16,2.46675360878602e-16,3.42795572619354e-16,4.505821972549e-16,5.68726491899797e-16,6.96069611239944e-16,8.31585439058034e-16
4.06168104101786e-22,1.28916192887021e-21,3.07751104432772e-21,6.15143834946824e-21,1.08482211209346e-20,1.74670964214064e-20,2.62736170129143e-20,3.75035093252981e-20,5.13660896264969e-20,6.80472889272409e-20
1.8698022464024e-20,3.74077900217305e-20,5.6129757880481e-20,7.4864573656672e-20,9.36130954802286e-20,1.12376368121446e-19,1.31155601969095e-19,1.49952154421802e-19,1.68767513411359e-19,1.87603282813474e-19
1.20138986387863e-19,1.25262617016823e-19,1.25489302199305e-19,1.25507500022954e-19,1.25516829404838e-19,1.25525789903086e-19,1.25534743878845e-19,1.25543707248848e-19,1.25552681188874e-19,1.2556166625649e-19
5.88761299004694e-18,1.17755747169217e-17,1.76638039180174e-17,2.35522972654126e-17,2.94410548033137e-17,3.53300767308803e-17,4.12193632654896e-17,4.71089146371619e-17,5.2998731088571e-17,5.88888128752921e-17
8.42487764753679e-20,8.42516798343726e-20,8.42545848768436e-20,8.42574916904531e-20,8.4260400374062e-20,8.42633110285243e-20,8.4266223756625e-20,8.42691386630817e-20,8.42720558545451e-20,8.42749754396007e-20
1.94013634165431e-16,3.88031689034795e-16,5.82054179061989e-16,7.76081106389599e-16,9.70112473306994e-16,1.16414828225439e-15,1.35818853582605e-15,1.55223323677355e-15,1.74628238800896e-15,1.94033599260811e-15
1.17727323407279e-19,1.1773134144491e-19,1.17735360463057e-19,1.17739380541648e-19,1.1774340175445e-19,1.17747424176478e-19,1.17751447884036e-19,1.17755472954724e-19,1.17759499467439e-19,1.17763527502379e-19
2.71983040434881e-19,6.46362643824879e-19,1.01224041177237e-18,1.36535158555241e-18,1.70595526956878e-18,2.03448752551827e-18,2.35137685214919e-18,2.65703686536093e-18,2.95186650383294e-18,3.23625053668883e-18
7.02110385417538e-23,1.84526774888087e-22,2.9859734007756e-22,4.09204033803434e-22,5.16094787104513e-22,6.19283534361767e-22,7.18852659829436e-22,8.14909611077413e-22,9.07570033768699e-22,9.96950652708003e-22
1.83206522746524e-22,6.71795220445212e-22,1.30984485554086e-21,1.99868889442327e-21,2.69488790665649e-21,3.3801395290138e-21,4.0470369413448e-21,4.69286450822809e-21,5.3169159986895e-21,5.91933662558796e-21
2.58931442525908e-18,2.58941024970092e-18,2.5895076839517e-18,2.58960585667727e-18,2.58970419900491e-18,2.5898024726742e-18,2.5899005828666e-18,2.58999849657223e-18,2.59009620730041e-18,2.59019371984151e-18
6.43556792231526e-22,6.43623660152533e-22,6.43690658963697e-22,6.4375777199501e-22,6.43824990055635e-22,6.43892311889722e-22,6.43959739722368e-22,6.44027277318771e-22,6.44094929145298e-22,6.44162700007309e-22
1.62570207339861e-17,1.62575779722109e-17,1.62581353500965e-17,1.62586928790765e-17,1.62592505695848e-17,1.6259808432232e-17,1.62603664778125e-17,1.62609247173052e-17,1.62614831618738e-17,1.62620418228669e-17
3.96097116743238e-21,2.05679497574387e-20,5.06018124055653e-20,9.36389175836215e-20,1.49220570783138e-19,2.16902239781517e-19,2.96255093997428e-19,3.86865533724053e-19,4.88334652830979e-19,6.0027771700931e-19
2.25305993400848e-22,1.39292428949382e-21,3.80227177529886e-21,7.53282527418655e-21,1.26016420837967e-20,1.90011111524303e-20,2.67135704253596e-20,3.57175306718991e-20,4.59903428342349e-20,5.75093326195031e-20
3.78999329013524e-17,7.84747755018438e-17,1.19051132251265e-16,1.59629023386023e-16,2.00208455658472e-16,2.40789429850974e-16,2.8137194429115e-16,3.219559963713e-16,3.62541583202046e-16,4.03128701891933e-16
5.44961976822114e-18,2.28325676860062e-17,5.21978193481022e-17,9.35458253210465e-17,1.46877039928901e-16,2.12191918481541e-16,2.89490916103803e-16,3.7877448726678e-16,4.80043085621903e-16,5.93297163965001e-16
4.59538291274784e-16,9.34974734776694e-16,1.40994440911925e-15,1.88445699812079e-15,2.35852217605138e-15,2.83214960764316e-15,3.30534894810604e-15,3.77812984314272e-15,4.25050192896361e-15,4.72247483230153e-15
7.05502696456088e-18,2.90721757887084e-17,6.60563034164962e-17,1.17995035706259e-16,1.84876371025089e-16,2.66688679434859e-16,3.63420701883992e-16,4.75061549404946e-16,6.01600702317362e-16,7.4302800943685e-16
2.93733843653688e-20,3.58023005801117e-20,4.67729463538355e-20,6.22815611694028e-20,8.23244971077496e-20,1.06898219051421e-19,1.35999304439127e-19,1.69624443022137e-19,2.07770436622399e-19,2.50434198892358e-19
2.91858255881593e-18,5.83739610960534e-18,8.75647072414647e-18,1.16758506754427e-17,1.45955802105295e-17,1.7515703552394e-17,2.0436264901777e-17,2.33573084389678e-17,2.62788783255955e-17,2.92010187064137e-17
3.63553549790858e-21,3.63586678973056e-21,3.6361982401041e-21,3.63652986004628e-21,3.63686166140383e-21,3.63719365620777e-21,3.63752585667013e-21,3.63785827518441e-21,3.63819092432602e-21,3.63852381685276e-21
2.34255544846032e-19,9.69442885890727e-19,2.20565425752861e-18,3.94240263383594e-18,6.1792111942464e-18,8.91561331348453e-18,1.21511525515149e-17,1.58853826435077e-17,2.01178674898197e-17,2.48481811459914e-17
2.12224229725447e-21,1.78125189899198e-20,6.10203719515876e-20,1.4558467769549e-19,2.85234144419638e-19,4.93588367346111e-19,7.84158876406828e-19,1.17035017632972e-18,1.6654607791788e-18,2.28268422940139e-18
3.7851379528853e-23,1.58462049162084e-22,3.61901016010458e-22,6.48087750183723e-22,1.01694340893283e-21,1.4683908349856e-21,2.0023545548851e-21,2.61876077733067e-21,3.3175373915216e-21,4.09861396550335e-21
4.75756174175851e-19,1.05365570370962e-18,1.78823910959762e-18,2.76196568794098e-18,4.05771858933222e-18,5.75880294022215e-18,7.9489439976802e-18,1.07122853369009e-17,1.41333870712184e-17,1.82972241043921e-17
1.33207835972698e-21,4.40412845619348e-21,9.58343769117921e-21,1.74992841355835e-20,2.90465040839617e-20,4.53839721996206e-20,6.79330921993747e-20,9.83762980709606e-20,1.38655565815077e-19,1.9097093570332e-19
8.06743170367158e-18,1.59797312037599e-17,2.37364298355134e-17,3.13406368214473e-17,3.87954105119658e-17,4.61037630578729e-17,5.32686649692349e-17,6.02930495633015e-17,6.7179817303833e-17,7.39318400341227e-17
1.52349355259569e-19,3.31958728172761e-19,5.11125593276423e-19,6.87085365393822e-19,8.59619058144996e-19,1.02876665864058e-18,1.19459371227096e-18,1.35716757873788e-18,1.51655509743275e-18,1.67282243692944e-18
7.30446087532543e-21,7.31437806223462e-21,7.32428102751145e-21,7.3340281871083e-21,7.34360824624346e-21,7.35302316772881e-21,7.36227622571402e-21,7.3713707902737e-21,7.3803102077142e-21,7.38909779266687e-21
7.88972773509076e-22,6.7555511635574e-21,2.33434702213777e-20,5.60186583838665e-20,1.10268803741928e-19,1.91603249587645e-19,3.05552891909369e-19,4.5767007882001e-19,6.53528511903867e-19,8.98723149467484e-19
5.92640595100032e-24,3.5912276007133e-23,1.10958972849517e-22,2.57540313024587e-22,5.1053699143953e-22,9.16157326710875e-22,1.53484130046335e-21,2.44414800679272e-21,3.74162662802745e-21,5.54767105283216e-21
8.07621189323422e-20,3.21064676438949e-19,7.17769821906722e-19,1.26780231032471e-18,1.96814847363906e-18,2.81585525849205e-18,3.80802935803711e-18,4.94183643557119e-18,6.21450043778159e-18,7.62330299545115e-18
1.6312747877758e-19,7.31191515948417e-19,1.73729691082663e-18,3.18950691439753e-18,5.09323794010879e-18,7.45354888192368e-18,1.0275377419124e-17,1.35635668181487e-17,1.7322871492306e-17,2.15579605462865e-17
3.93641486888815e-19,7.95174164792927e-19,1.19741565146228e-18,1.60045209907092e-18,2.00436803546932e-18,2.40924894243071e-18,2.8151814985697e-18,3.22225358457354e-18,3.63055426497845e-18,4.04017376839431e-18
7.99006720878954e-20,3.06160053374419e-19,6.79066702422232e-19,1.19889515048913e-18,1.86595088456281e-18,2.68057039160018e-18,3.64312156791793e-18,4.75400415858382e-18,6.01365019287699e-18,7.42252441265518e-18
5.26617184370535e-22,5.2741188200996e-22,5.28615970239009e-22,5.30230224844469e-22,5.32255508614048e-22,5.34692771026843e-22,5.37543049388376e-22,5.40807470057143e-22,5.44487249660756e-22,5.48583696292325e-22
6.49349278568419e-20,1.29886710564014e-19,1.94855429332869e-19,2.59841101692013e-19,3.24843746401815e-19,3.89863383477118e-19,4.54900034206594e-19,5.19953721172166e-19,5.85024468268511e-19,6.50112300722636e-19
5.27422773221235e-24,5.27594521283691e-24,5.27766410343295e-24,5.27938452265834e-24,5.2811065911425e-24,5.28283043131037e-24,5.28455616739112e-24,5.28628392542763e-24,5.28801383328593e-24,5.28974602066454e-24
2.31773962269842e-20,4.69075752941772e-20,7.06827554042557e-20,9.45213803004029e-20,1.1844193061509e-19,1.42462927764113e-19,1.66602937873133e-19,1.90880575758296e-19,2.15314508961928e-19,2.39923461842542e-19
1.53322425913642e-22,2.64698039444803e-22,3.50132685308817e-22,4.19543059972113e-22,4.79082204007494e-22,5.32572776314976e-22,5.82394522376438e-22,6.30033786205376e-22,6.76423764025845e-22,7.22155187890797e-22
1.43106119533547e-20,1.44101606423382e-20,1.44156532431956e-20,1.44205081803431e-20,1.4425351245597e-20,1.44301916206677e-20,1.44350326364307e-20,1.44398764895235e-20,1.44447246927097e-20,1.44495783374144e-20
3.88636176788564e-23,1.40366426143168e-22,2.88544718836962e-22,4.73529182847666e-22,6.89230156635415e-22,9.3190440795925e-22,1.19926771397778e-21,1.48994539685986e-21,1.80313211853074e-21,2.13838124738758e-21
5.79733558692216e-20,1.30187740564606e-19,2.02521035709998e-19,2.74879857214724e-19,3.47263634905541e-19,4.1967242945647e-19,4.92106317048789e-19,5.64565381845589e-19,6.37049713831442e-19,7.09559407520425e-19
1.16462624236051e-22,5.58221736747171e-22,1.33857137229147e-21,2.45771526082061e-21,3.91577071785651e-21,5.71285475294598e-21,7.84908470439651e-21,1.0324578287814e-20,1.31394536279815e-20,1.62938292828494e-20
8.3303415309261e-24,1.81871935651784e-23,3.13995435879551e-23,4.98110755513766e-23,7.52662048781697e-23,1.09609986419579e-22,1.54688115518856e-22,2.12346929984415e-22,2.84433412273051e-22,3.72795191823704e-22
3.16605696971511e-23,6.34271511097708e-23,9.53080548299249e-23,1.27317169051161e-22,1.59474329673059e-22,1.91805322527558e-22,2.24341885536325e-22,2.57121710874347e-22,2.90188447140983e-22,3.23591701539068e-22
2.85513203890198e-25,2.86251034473968e-25,2.86990650881717e-25,2.87732246048545e-25,2.88476084925033e-25,2.8922250418504e-25,2.89971912253855e-25,2.90724789338226e-25,2.91481687456479e-25,2.92243230468707e-25
1.01470254608527e-22,2.03488165551784e-22,3.05770159740842e-22,4.08316907476778e-22,5.11129160778318e-22,6.14207778959017e-22,7.17553754193213e-22,8.21168237092563e-22,9.2505256229332e-22,1.02920827405436e-21
5.25375364712911e-39,4.26408580716252e-38,1.46110836190529e-37,3.51309425893569e-37,6.95730361112937e-37,1.21891814279148e-36,1.96270760142358e-36,2.97149298164452e-36,4.29252067528495e-36,5.97620085786992e-36
9.03748094026024e-33,3.87604077594965e-32,8.93782217950105e-32,1.61010867337529e-31,2.53784193319453e-31,3.67829982518606e-31,5.03285989021915e-31,6.6029597814411e-31,8.39009768452481e-31,1.03958327564014e-30
7.27800321999224e-30,2.00721046164868e-29,3.84247108834193e-29,6.23533430466172e-29,9.18764322557139e-29,1.27013327060316e-28,1.67784300290757e-28,2.14210556057918e-28,2.66314236870929e-28,3.2411843086926e-28
7.38135579010251e-27,1.47816717565049e-26,2.22011053090059e-26,2.96397298122975e-26,3.7097622322843e-26,4.45748636118257e-26,5.20715381889693e-26,5.9587734326962e-26,6.71235440864811e-26,7.46790633418108e-26
4.5938619696333e-26,9.20821648734639e-26,1.38431466785148e-25,1.84987005251974e-25,2.31749269971991e-25,2.78718760675318e-25,3.25895987297301e-25,3.73281470156221e-25,4.20875740135123e-25,4.6867933886774e-25
5.87008080382178e-26,6.02213852121061e-26,6.03144244539074e-26,6.03719574347715e-26,6.04287478770709e-26,6.04856707694513e-26,6.05427550420473e-26,6.06000085950345e-26,6.06574389038663e-26,6.07150535393157e-26
4.3946808623654e-25,8.79200326728295e-25,1.31919261784991e-24,1.75944601020403e-24,2.19996172808622e-24,2.64074102321267e-24,3.08178517745248e-24,3.52309550794932e-24,3.96467337129211e-24,4.40652016690188e-24
9.83138206807475e-27,9.83578405251179e-27,9.8401971219901e-27,9.84462176912128e-27,9.84905851625387e-27,9.85350789350919e-27,9.85797043949441e-27,9.86244670214562e-27,9.86693723956583e-27,9.87144262085693e-27
1.63408435844571e-25,3.84204130191096e-25,6.06635942336272e-25,8.29312357994357e-25,1.05219915377084e-24,1.27529602139858e-24,1.49860352547386e-24,1.72212227878399e-24,1.94585292207745e-24,2.16979612394024e-24
2.06515890895485e-28,9.65260852001199e-28,2.18710275615204e-27,3.76426785253905e-27,5.61345336259861e-27,7.67101299635492e-27,9.88833755259312e-27,1.22283032703038e-26,1.4662558627953e-26,1.71694520902798e-26
1.05196227646273e-24,2.06303513371067e-24,3.02583686944431e-24,3.94269692716289e-24,4.81583234692301e-24,5.64735321838744e-24,6.43926786340881e-24,7.19348776299783e-24,7.91183224236636e-24,8.59603292675925e-24
1.71920160848126e-18,3.4384085088527e-18,5.15762070388135e-18,6.87683819861064e-18,8.59606100046468e-18,1.03152891193522e-17,1.20345225677702e-17,1.37537613609079e-17,1.54730055167497e-17,1.71922550561792e-17
1.78687275809751e-21,1.8723708401178e-21,1.95786918653259e-21,2.04336779758933e-21,2.12886667365368e-21,2.21436581521471e-21,2.29986522289008e-21,2.38536489743114e-21,2.47086483972814e-21,2.55636505081532e-21
2.3930528613164e-19,4.79521488715457e-19,7.20648652086321e-19,9.62686822021561e-19,1.20563604429865e-18,1.44949636469519e-18,1.69426782898895e-18,1.93995048295783e-18,2.18654437237988e-18,2.4340495430333e-18
2.22496147056574e-26,4.3836606396477e-26,6.55053162648355e-26,8.7255748579599e-26,1.09087907485808e-25,1.31001797099118e-25,1.52997421528219e-25,1.7507478488016e-25,1.97233891261608e-25,2.1947474477915e-25
4.9265926968604e-23,6.09608035561719e-23,6.37369813527311e-23,6.43960218536925e-23,6.45524931011002e-23,6.45896644176962e-23,6.45985170255817e-23,6.46006482253637e-23,6.46011848265441e-23,6.46013438412048e-23
5.51471223743626e-20,1.14782197752425e-19,1.77203854532355e-19,2.42412093264411e-19,3.10406914508828e-19,3.81188318839754e-19,4.54756306849357e-19,5.31110879152102e-19,6.1025203638919e-19,6.92179779233172e-19
9.54228118164866e-24,2.02736376600172e-23,3.15073346329121e-23,4.32433721946566e-23,5.54817504448423e-23,6.82224694865105e-23,8.14655294261911e-23,9.5210930374477e-23,1.09458672446771e-22,1.24208755764101e-22
4.28218444104304e-23,1.41019974572169e-22,2.58965705860991e-22,3.85430194543665e-22,5.17298339479734e-22,6.53708160992113e-22,7.94421171736341e-22,9.39371406734359e-22,1.08854063843996e-21,1.24192384839535e-21
8.64966337035103e-26,8.71472461295249e-26,8.7928668082124e-26,8.87665944284202e-26,8.96404124595411e-26,9.05444185316036e-26,9.14770346923404e-26,9.24378245855652e-26,9.34266677417419e-26,9.44435311018519e-26
1.30642518465899e-22,5.3432803700912e-22,1.22475126508517e-21,2.21465834225765e-21,3.51677791705358e-21,5.14382117171901e-21,7.10848184697323e-21,9.42343626673547e-21,1.21013433628182e-20,1.51548446995862e-20
5.25110569067375e-20,1.05118641028382e-19,1.57867809518038e-19,2.10775458774636e-19,2.63850359512891e-19,3.17099039447534e-19,3.70527413036894e-19,4.24141232441017e-19,4.77946212294871e-19,5.31948064225209e-19
4.52551962466065e-12,4.52553925377297e-12,4.52555889313588e-12,4.52557854887908e-12,4.52559822740619e-12,4.52561793539411e-12,4.52563767979271e-12,4.52565746782458e-12,4.52567730698469e-12,4.52569720504015e-12
4.1908286130384e-10,4.19085722626306e-10,4.19088583967409e-10,4.19091445327157e-10,4.19094306705562e-10,4.19097168102642e-10,4.19100029518418e-10,4.19102890952914e-10,4.19105752406162e-10,4.19108613878196e-10
4.71522293723708e-12,4.94334743110568e-12,5.17147348163203e-12,5.39960108884756e-12,5.62773025278375e-12,5.85586097347209e-12,6.08399325094408e-12,6.31212708523125e-12,6.54026247636512e-12,6.76839942437726e-12
4.76459768577261e-16,5.02527745803736e-16,5.25942598467645e-16,5.4934198015977e-16,5.72741429449197e-16,5.96141037878417e-16,6.19540805990615e-16,6.42940733792896e-16,6.66340821289201e-16,6.8974106848345e-16
4.44930137911129e-12,4.44930316238113e-12,4.44930503263551e-12,4.44930698800651e-12,4.44930902848372e-12,4.44931115406764e-12,4.44931336475886e-12,4.44931566055796e-12,4.44931804146552e-12,4.44932050748212e-12
1.52484633507843e-19,1.52484694621809e-19,1.52484758717029e-19,1.52484825729333e-19,1.52484895658361e-19,1.52484968504131e-19,1.52485044266664e-19,1.5248512294598e-19,1.52485204542097e-19,1.52485289055037e-19
2.36069185638397e-24,1.15304692055333e-23,2.81044381850593e-23,5.24288872054416e-23,8.48486409897078e-23,1.2570851775067e-22,1.75353337775727e-22,2.34127923478014e-22,3.02377099397372e-22,3.80445692201106e-22
1.94694800523109e-15,4.46442404144223e-15,7.10469119695568e-15,9.8651126383875e-15,1.27456736419953e-14,1.57463749311875e-14,1.88672173205585e-14,2.21082016254571e-14,2.5469328661485e-14,2.89505992445243e-14
2.40975799179178e-19,5.77165870057623e-19,9.29972152327233e-19,1.29887982184181e-18,1.68388595427566e-18,2.08499064095839e-18,2.50219399100978e-18,2.93549611368342e-18,3.38489711826683e-18,3.8503971140851e-18
2.20593680314916e-17,2.20594095607559e-17,2.20594436425999e-17,2.2059479283681e-17,2.20595164836013e-17,2.205955524237e-17,2.20595955599996e-17,2.2059637436503e-17,2.20596808718943e-17,2.20597258661884e-17
1.19539184796699e-23,1.19539410771453e-23,1.19539595495668e-23,1.19539788688165e-23,1.19539990346777e-23,1.19540200471553e-23,1.19540419062566e-23,1.19540646119887e-23,1.19540881643598e-23,1.19541125633782e-23
2.37981175494778e-24,2.37981623741463e-24,2.37981991445348e-24,2.37982375980466e-24,2.37982777342518e-24,2.37983195531608e-24,2.37983630547868e-24,2.37984082391443e-24,2.37984551062485e-24,2.37985036561156e-24
1.16242450497319e-28,1.3111473348095e-27,5.0159671559224e-27,1.26986797900686e-26,2.58485769256544e-26,4.59754098495525e-26,7.46086469904061e-26,1.13296756441794e-25,1.63606512171496e-25,2.27122323150822e-25
6.93143429536101e-27,5.75868813055626e-26,1.84646564891985e-25,4.06446825656252e-25,7.34196603483688e-25,1.17576418025074e-24,1.73745173426177e-24,2.42482578647396e-24,3.24310582653852e-24,4.19734618445087e-24
1.56284242754801e-18,8.23032261905154e-18,2.05299826214471e-17,3.87207748410192e-17,6.30597433515679e-17,9.38036475950916e-17,1.31208972783294e-16,1.75531930858538e-16,2.27028461449176e-16,2.85954232863913e-16
3.02290882222031e-16,6.26799067598944e-16,9.51321532838009e-16,1.27586746251868e-15,1.60044645985885e-15,1.92506853689368e-15,2.24974411403519e-15,2.57448401963505e-15,2.89929948954879e-15,3.22420216670164e-15
6.78541253906342e-19,2.85182154520175e-18,6.5250457748416e-18,1.16982793112076e-17,1.83716309638891e-17,2.65452548761118e-17,3.6219352412712e-17,4.73941740460708e-17,6.00700212400177e-17,7.42472483317128e-17
3.34001986443996e-21,2.85947575420094e-20,9.87121490115184e-20,2.36494347069583e-19,4.64593932688078e-19,8.05515588508183e-19,1.28161779035173e-18,1.91511451659607e-18,2.72807697526286e-18,3.74243534867242e-18
2.08787481541642e-24,3.64178337593451e-23,1.90079497368924e-22,6.10035528289095e-22,1.5029221117929e-21,3.13485152432807e-21,5.83121781359359e-21,9.97650565112343e-21,1.60141024181106e-20,2.44461135849634e-20
2.83823538654276e-29,5.01289127451679e-28,2.62717853777452e-27,8.44874666198448e-27,2.08401485324691e-26,4.35042470314631e-26,8.09699051341199e-26,1.38589322349669e-25,2.2253541620689e-25,3.39799249626767e-25
5.32724647116275e-24,9.28575160967019e-23,4.84329627950573e-22,1.55332825219497e-21,3.82425447082638e-21,7.97130515821873e-21,1.48174637566509e-20,2.53335025634267e-20,4.06369966451708e-20,6.19913494938703e-20
6.90771020923576e-28,1.25265460453358e-26,6.61987536745978e-26,2.13702520320371e-25,5.28194000378104e-25,1.1038487949335e-24,2.0557219564994e-24,3.51960959627169e-24,5.65191211025e-24,8.62949904042801e-24
8.49498092067696e-28,3.00810965379972e-26,2.36906880289534e-25,1.01676467567635e-24,3.13634508260863e-24,7.8576855285986e-24,1.70613412122901e-23,3.33686430326227e-23,6.02630526890083e-23,1.02210625226242e-22
9.1348167491126e-28,3.29060304506557e-26,2.60913861637783e-25,1.12450778091194e-24,3.47972516005097e-24,8.74125297614823e-24,1.90249628523292e-23,3.72907994143576e-23,6.74860234862665e-23,1.14688811856947e-22
2.19542816889205e-33,8.16047015309175e-32,6.53789888724094e-31,2.83231663852233e-30,8.79149128789317e-30,2.2129995908846e-29,4.82354235934128e-29,9.46497173319403e-29,1.71435516373767e-28,2.91543414493375e-28
1.49842179494486e-33,5.40518444418869e-32,4.2877378270329e-31,1.84837706788824e-30,5.72045967260398e-30,1.43713679681965e-29,3.12806389554444e-29,6.13160236302378e-29,1.10969093989327e-28,1.88591436524655e-28
5.42831247646348e-27,1.95062631738742e-25,1.51043364164527e-24,6.32684490304341e-24,1.89998108429921e-23,4.63012903491141e-23,9.77668915102469e-23,1.85971167507943e-22,3.26744844028625e-22,5.39345167318721e-22
2.2010676406305e-31,1.62494382806259e-29,1.91282559475941e-28,1.07799707780863e-27,4.0750342050349e-27,1.19868122802354e-26,2.96809725496602e-26,6.48227032294324e-26,1.28669186901604e-25,2.36910649175495e-25
4.88059022164379e-31,3.58628347272044e-29,4.29772730230654e-28,2.47891713924863e-27,9.6082035383841e-27,2.89970645173e-26,7.36757349479133e-26,1.65090282447404e-25,3.36135181359358e-25,6.34652220962675e-25
7.64664577849507e-35,1.14165069911956e-32,2.06638844845479e-31,1.59530211221681e-30,7.74817075531387e-30,2.81082796742156e-29,8.34256467882902e-29,2.13851103401779e-28,4.9022332734106e-28,1.02908177760903e-27
1.1777173462228e-38,3.56786799678688e-36,9.75002662416636e-35,1.007335742283e-33,6.13011998836414e-33,2.6730300864038e-32,9.26718071578692e-32,2.7174522476965e-31,7.01332955655089e-31,1.6368374419604e-30
1,1,1,1,1,1,1,1,1,1
