905,	905,	905,	905,	905,	905,	905,	905,	905
908,	908,	908,	908,	908,	908,	908,	908,	908
911,	911,	911,	911,	911,	911,	911,	911,	911
913,	913,	913,	913,	913,	913,	913,	913,	913
916,	916,	916,	916,	916,	916,	916,	916,	916
919,	919,	919,	919,	919,	919,	919,	919,	919
922,	922,	922,	922,	922,	922,	922,	922,	922
924,	924,	924,	924,	924,	924,	924,	924,	924
927,	927,	927,	927,	927,	927,	927,	927,	927
927,	927,	927,	927,	927,	927,	927,	927,	927
927,	927,	927,	927,	927,	927,	927,	927,	927
927,	927,	927,	927,	927,	927,	927,	927,	927
922,	922,	922,	922,	922,	922,	922,	922,	922
914,	914,	914,	914,	914,	914,	914,	914,	914
907,	907,	907,	907,	907,	907,	907,	907,	907
905,	905,	905,	905,	905,	905,	905,	905,	905
905,	905,	905,	905,	905,	905,	905,	905,	905
905,	905,	905,	905,	905,	905,	905,	905,	905
905,	905,	905,	905,	905,	905,	905,	905,	905
905,	905,	905,	905,	905,	905,	905,	905,	905
905,	905,	905,	905,	905,	905,	905,	905,	905
905,	905,	905,	905,	905,	905,	905,	905,	905
905,	905,	905,	905,	905,	905,	905,	905,	905
905,	905,	905,	905,	905,	905,	905,	905,	905
905,	905,	905,	905,	905,	905,	905,	905,	905
905,	905,	905,	905,	905,	905,	905,	905,	905
905,	905,	905,	905,	905,	905,	905,	905,	905
