2.74768000007728e+28,2.74768000015455e+28,2.74768000023183e+28,2.74768000030911e+28,2.74768000038638e+28,2.74768000046366e+28,2.74768000054093e+28,2.74768000061821e+28,2.74768000069549e+28,2.74768000077276e+28
1.001e+25,1.001e+25,1.001e+25,1.001e+25,1.001e+25,1.001e+25,1.001e+25,1.001e+25,1.001e+25,1.001e+25
3.525185664e+19,7.050371328e+19,1.0575556992e+20,1.4100742656e+20,1.762592832e+20,2.1151113984e+20,2.4676299648e+20,2.8201485312e+20,3.1726670976e+20,3.525185664e+20
2.74768e+28,2.74768e+28,2.74768e+28,2.74768e+28,2.74768e+28,2.74768e+28,2.74768e+28,2.74768e+28,2.74768e+28,2.74768e+28
2008303221.91753,8601509559.2873,19804907780.605,35622773048.634,56059965619.2113,81122096104.905,110815676130.507,145148255689.53,184128548387.041,227766545649.2
25563953422807.8,60978550279613.2,110779066461963,180007770061486,273861351899959,397690910729322,557002105384759,757455472101790,1.00486690530734e+15,1.30520830028694e+15
1332665.96965251,2026510.69372276,2999171.90037728,4348874.14594763,6176939.4770194,8587808.31981656,11689063.0742886,15591454.446999,20408930.5468666,26258668.7598311
394615824.569141,552126094.593091,775263699.455135,1066070338.89042,1426586391.37763,1858853128.20741,2364914905.38046,2946821332.57243,3606629420.48638,4346405707.69193
439875099787.975,825994104566.32,1166616473995.38,1469494869568.06,1741983266708.64,1991135967385.48,2223798999012.19,2446694787925.22,2666500895942.5,2889923518740.97
312398807994.907,315597074662.88,315819790874.86,315993228193.564,316150210339.462,316296298655.354,316437282613.759,316579571232.088,316730312301.455,316897497704.354
160179909564.595,448893551279.807,887396149455.854,1509761458886.54,2363203977808.9,3508408404631.28,5019874816461.42,6986278919471.11,9510846839306.16,12711744023881.5
1154762368028.84,2619818584032.38,4088835385185.95,5558804095118.28,7029637709630.3,8501307911842.75,9973821542395.66,11447224848220.5,12921608616511.9,14397113880833.7
4582911627438.37,9166114092792.65,13749621337416.2,18333433758143.2,22917551609466.3,27501975138092.7,32086704592017.7,36671740229732.2,41257082330993,45842731209383.9
1267929805916.89,2536014323333.2,3804254137676.74,5072649847091.32,6341202092843.23,7609911560100.63,8878778978886.97,10147805125450.7,11416990824120.2,12686336949712.8
351394118259929,711145326906504,1.07929152056383e+15,1.45583282701469e+15,1.84076938311107e+15,2.23410133492322e+15,2.63582883790463e+15,3.04595205712174e+15,3.46447116755485e+15,3.8913863544754e+15
255044840412506,259814806024804,264584761340982,269354752122539,274124781784023,278894853753900,283664971486230,288435138473939,293205358263204,297975634468737
40603205.8303644,81206686.8583418,121810597.980923,162415102.743976,203020378.529954,243626616.795751,284234023.436258,324842819.353353,365453241.286629,406065542.968408
796509466097.317,1644594061445.2,2544320642829.07,3495691164118.46,4498707777053.88,5553372833469.34,6659688888618.21,7817658705923.54,9027285263294.98,10288571761123.4
5.0595994528348e+18,2.10718570477744e+19,4.83866915878054e+19,8.73417459864719e+19,1.38274777750746e+20,2.01523680508785e+20,2.77426505468536e+20,3.66321482808529e+20,4.68547043002255e+20,5.84441838077527e+20
2.44728015083571e+16,3.34304688217251e+16,4.57895905548748e+16,6.16519568388663e+16,8.11193923100068e+16,1.04293762278308e+17,1.31276979210804e+17,1.62171009194305e+17,1.97077878377988e+17,2.3609967939626e+17
3.02046351765355e+15,1.66148048709972e+16,4.32908062454989e+16,8.46774757551269e+16,1.42312341343168e+17,2.17676886057804e+17,3.1219991118663e+17,4.27259468000835e+17,5.64184665029479e+17,7.24257408767194e+17
200069460614373,1.2912041674782e+15,3.69500508815398e+15,7.67390022864734e+15,1.34414590788935e+16,2.11894905574306e+16,3.1098699234326e+16,4.33433032414842e+16,5.80930873090147e+16,7.5514347640495e+16
2.80298075822289e+19,5.97916454964115e+19,9.33816757794847e+19,1.28799978038839e+20,1.66046630656847e+20,2.05121716196231e+20,2.46025323899527e+20,2.88757550763269e+20,3.33318501995482e+20,3.79708291208148e+20
3.98295896239045e+18,1.70233259648062e+19,3.96917248810681e+19,7.25244445226529e+19,1.16057796825843e+20,1.7082811736238e+20,2.37371766984482e+20,3.16225133964831e+20,4.07924636348525e+20,5.13006724394972e+20
3.32987192372174e+20,6.88283132439387e+20,1.05426881837762e+21,1.43094128929569e+21,1.81829819689731e+21,2.21633780368568e+21,2.62505898116283e+21,3.0444612080644e+21,3.47454456862989e+21,3.9153097509085e+21
2.19104324130255e+18,4.72289641142397e+18,7.59717718194005e+18,1.08139228507839e+19,1.43731732693084e+19,1.82749708384832e+19,2.25193605054848e+19,2.71063897613563e+19,3.20361086397295e+19,3.73085697166032e+19
2.86115451951609e+15,3.20846455574583e+15,3.55579824843976e+15,3.90315883352731e+15,4.25054954086635e+15,4.59797358550751e+15,4.9454341689013e+15,5.2929344800998e+15,5.64047769695187e+15,5.98806698729173e+15
1.68893319752845e+17,7.06337938252993e+17,1.62402075681715e+18,2.93321077945911e+18,4.64517421178267e+18,6.77117510594001e+18,9.32247600367562e+18,1.23103385774902e+19,1.57460242699623e+19,1.96407949312646e+19
1.51697639793197e+15,1.28294731357629e+16,4.4295451079423e+16,1.06514602558027e+17,2.1032619802822e+17,3.66807343705865e+17,5.87271269293303e+17,8.83265645539161e+17,1.26657093137049e+18,1.7491987503399e+18
27141229925679.6,114752124372541,264787282796577,479097375601192,759532612494624,1.10794284841165e+15,1.52617768912213e+15,2.01608659653067e+15,2.57951899367365e+15,3.21832436941972e+15
3.64916029551517e+17,8.79165336222643e+17,1.5847733404044e+18,2.5444140399167e+18,3.8229618327264e+18,5.48750061951128e+18,7.60733296090383e+18,1.02539892905959e+19,1.35012371849887e+19,1.74250906900721e+19
1.18805681728771e+15,4.31969363870727e+15,9.90635443924654e+15,1.8649862414808e+16,3.14531584629308e+16,4.94253141810899e+16,7.3886519757673e+16,1.06373047213718e+17,1.48642189449815e+17,2.02677175549834e+17
5.97145671154468e+18,1.26002882547263e+19,1.9874696534008e+19,2.77820154639136e+19,3.63098475371795e+19,4.54460612848058e+19,5.51787888562278e+19,6.54964237184598e+19,7.63876184715108e+19,8.78412827774304e+19
1.1957202954261e+17,2.80008309776152e+17,4.57938797466618e+17,6.50693331163753e+17,8.57743764496515e+17,1.07878615520173e+18,1.31354486826844e+18,1.56175252318364e+18,1.82314790075087e+18,2.09747568628057e+18
7.20353875167389e+15,9.51650055566712e+15,1.1830361493373e+16,1.41450039543173e+16,1.64604192637986e+16,1.87766100775391e+16,2.10935804296739e+16,2.3411334722857e+16,2.5729877631596e+16,2.80492140989046e+16
564685735853526,4.86854586887153e+15,1.69509672209758e+16,4.09927442542333e+16,8.13163027807846e+16,1.42386140201653e+17,2.28809269264542e+17,3.45335665378887e+17,4.96858717526312e+17,6.88415682804533e+17
5163069486991.04,34086448626888.1,110884474088122,266329328380569,540039449854964,982725575340556,1.65849193871891e+15,2.64719235101991e+15,4.0468408926583e+15,5.97607695342717e+15
5.85115282066655e+16,2.42820636255025e+17,5.65939402946725e+17,1.04062929589883e+18,1.67940162551776e+18,2.49452288789687e+18,3.49802005969758e+18,4.70168584744369e+18,6.11708389361242e+18,7.75555394185257e+18
1.23933781057554e+17,5.87983931314159e+17,1.4609634119302e+18,2.79123665074715e+18,4.62545771920819e+18,7.01048082884757e+18,9.99354924076482e+18,1.36223086604261e+19,1.79448030046306e+19,2.30094686662166e+19
3.28200274947319e+17,7.88513661894799e+17,1.37678874979774e+18,2.09316015700338e+18,2.93776984693263e+18,3.91076939676627e+18,5.0123203180003e+18,6.24259417719472e+18,7.60177269548396e+18,9.09004784514899e+18
6.37422205368606e+16,2.76726328139935e+17,6.85363676126351e+17,1.33607574053538e+18,2.27533399614111e+18,3.54966312902158e+18,5.20564459465394e+18,7.28992024338558e+18,9.84919598456214e+18,1.29302454860888e+19
700043454076098,1.06854458341129e+15,1.43759050705299e+15,1.80731183378102e+15,2.17783932378756e+15,2.54930388377492e+15,2.92183657843055e+15,3.29556864208369e+15,3.67063149045942e+15,4.04715673252059e+15
6.07781586808529e+16,1.56726987054987e+17,2.88011603873145e+17,4.54633019735871e+17,6.56592550416773e+17,8.93891816167298e+17,1.16653274116488e+18,1.47451755317146e+18,1.81784878340129e+18,2.19652926659669e+18
6964286775918.92,10327733102054.5,13691376406505.6,17055269544137,20419465247093,23784016054140.2,27148974334103.9,30514392309180,33880322078116.2,37246815639258.9
2.29972965973602e+16,6.28725403438914e+16,1.19392633633308e+17,1.92585036346961e+17,2.82483090778837e+17,3.89126028035536e+17,5.12558974890104e+17,6.52832961157446e+17,8.10004927596942e+17,9.84137734346363e+17
320272545698297,722408320640940,1.18732221453978e+15,1.70253021711463e+15,2.26032366831915e+15,2.8559547988761e+15,3.48651324572801e+15,4.15023041101905e+15,4.84604873676053e+15,5.57335501230615e+15
1.72604304649826e+16,2.66569374166649e+16,3.60041778011734e+16,4.53517994414829e+16,5.470026416526e+16,6.40497115775235e+16,7.3400280941722e+16,8.27521125217804e+16,9.21053471279992e+16,1.01460125851507e+17
73222769034836.6,320543564095600,776474391119072,1.46787799541987e+15,2.41686835851726e+15,3.64263026036902e+15,5.16254787388194e+15,6.99290552409886e+15,9.14932354032882e+15,1.16470300845203e+16
5.57254107560096e+16,1.660068232868e+17,3.23247556905013e+17,5.27402027774811e+17,7.78474580818128e+17,1.07647063286957e+18,1.42139635437346e+18,1.8132586697309e+18,2.25206525840249e+18,2.73782455530622e+18
108618707410290,630548463788279,1.79114871510714e+15,3.80878797119873e+15,6.90180915212713e+15,1.12885783605135e+16,1.71874886696677e+16,2.48169636308256e+16,3.43954607866467e+16,4.61414751881903e+16
35909486083402.5,136933451229859,306226164312384,547833393511453,866982036751701,1.27008019494588e+15,1.76471731324082e+15,2.35966434231105e+15,3.06487391944344e+15,3.89148056943739e+15
106345281156293,376927516020541,812728231232416,1.41397331331115e+15,2.18090352239331e+15,3.11377828243107e+15,4.21287947331335e+15,5.47851522531777e+15,6.91102371595183e+15,8.51077696924026e+15
1020923784835.29,1772123701912.82,2525299106372.24,3280452824090.01,4037587913862.03,4796707700471.99,5557815829653.88,6320916323044.43,7086013633120.01,7853112698113.67
232221477330915,732580796000664,1.50275811000852e+15,2.54345793462599e+15,3.85538583577052e+15,5.43924851568632e+15,7.29575391770991e+15,9.42561135065517e+15,1.18295316328128e+16,1.45082272555576e+16
0.00301585786035124,0.0379880723566125,0.23876790980305,1.06283245502255,3.63780060952975,10.2076581949566,24.6590823944067,53.1120173441827,104.561690760572,191.561717449302
19422158.9382378,83162388.2814893,191427748.634023,344218138.243991,541533505.774322,783373881.597443,1069739415.10323,1400630417.26231,1776047407.76187,2195991166.15865
5563137677.68776,22811308293.6057,51799179311.7421,92526792188.9883,144994191095.66,209201424252.422,285148545528.499,372835616313.031,472262707650.665,583429902633.849
27190484981.2086,94044496992.3027,200749431411.042,347307273933.819,533720023651.25,759989699064.909,1026118345355.78,1332108042970.14,1677960917512.92,2063679150938.79
149732711883.707,462539405965.103,939864293571.392,1582393391030.87,2390812931873.94,3365809399564.11,4508069567942.07,5818280549708.91,7297129852976.81,8945305445903.58
209898969708.777,325322898068.427,438473532389.173,551588622820.494,664724389937.229,777882631716.144,891063845837.105,1004268567874.17,1117497416467.24,1230751106149.83
1939641436477.87,4388418169545.68,7348803160720.14,10820905169493.2,14804838423013.9,19300722707833.7,24308683828010.6,29828854191360,35861373515171.1,42406389648921
58864214829.3912,66521086644.5488,74180501629.9674,81842509921.0941,89507167049.1589,97174535442.4538,104844686171.198,112517700682.701,120193672526.237,127872709067.203
480436271283.679,1471209973105.78,2882141988710.69,4711074589663.75,6958032855337.26,9623097732401.22,12706353123205.5,16207884803123.5,20127780675573.7,24466131103823.8
2948334237.26244,8936217795.95966,18517586002.9582,32045886351.9898,49789719171.385,71954432076.7111,98697108490.4365,130137978956.475,166369137100.145,207461198017.779
5921463037367.32,12438926441191.4,19478977148399.6,27016700465101.2,35028389234697.8,43491486172105.3,52384529193869.3,61687099594123.5,71379772923670.2,81444072437339.1
0,0,0,0,0,0,0,0,0,0
0,0,0,0,0,0,0,0,0,0
0,0,0,0,0,0,0,0,0,0
0,0,0,0,0,0,0,0,0,0
0,0,0,0,0,0,0,0,0,0
0,0,0,0,0,0,0,0,0,0
0,0,0,0,0,0,0,0,0,0
0,0,0,0,0,0,0,0,0,0
0,0,0,0,0,0,0,0,0,0
1889630577166.07,7558553025613.58,17007300325407.2,30236885490518.2,47248849874856.1,68045312884425.7,92629022353206.2,121003405921552,153172623791892,189141623268113
789635474456490,789635879337133,789636479664892,789637275489164,789638266885428,789639453957711,789640836841082,789642415704198,789644190751903,789646162227941
1.02174424070206e+17,2.04768818689238e+17,3.07783185666577e+17,4.11217526333611e+17,5.15071842159505e+17,6.193461347479e+17,7.24040405836136e+17,8.29154657295062e+17,9.3468889112899e+17,1.04064310947568e+18
9141427591.15449,18323087941.5375,27541937596.2616,36798222457.3185,46092001004.6648,55423287236.7381,64792084601.9558,74198394053.4417,83642215961.0712,93123550565.3574
7.42410719449656e+16,9.18645629384225e+16,9.60480617337201e+16,9.70411488722842e+16,9.72768898468852e+16,9.73328505069899e+16,9.73461345645456e+16,9.73492879670787e+16,9.73500365353226e+16,9.73502142397266e+16
2.49480202420475e+16,5.06856112832907e+16,7.64231441586627e+16,1.02160625239542e+17,1.27898060899317e+17,1.53635457514278e+17,1.79372821464582e+17,2.05110159135316e+17,2.30847476917624e+17,2.56584781209938e+17
4302025337099.05,8921723692047.23,13541411565643,18161090100314.1,22780760439698.5,27400423728184.9,32020081110915,36639733733925.2,41259382744337,45879029290571.9
11758071165781.2,38188380056061.9,70326685140903.3,105444964618831,142787053991884,182143757917010,223457218062488,266711452738041,311902074657072,359027914025633
77016062.5142396,250859198.840991,462373066.240153,693582938.190948,939506688.862528,1198766021.07678,1470979756.32533,1756042632.07603,2053925781.02022,2364621538.19825
52560977731712,225466721151544,518981323054366,932938556445975,1.46717246377949e+15,2.1215173573044e+15,2.89580781941975e+15,3.78987870303256e+15,4.803565131928e+15,5.93670250115989e+15
5.23854897487464e+15,1.05032670288688e+16,1.5806385440666e+16,2.11532172637708e+16,2.65470998340606e+16,3.19908234564078e+16,3.74870270245703e+16,4.30383074856013e+16,4.86472501364476e+16,5.43164370190449e+16
9.77759122722887e+18,1.95560090970433e+19,2.93364190032749e+19,3.91201239166896e+19,4.89085548742435e+19,5.87032722531484e+19,6.85059679113234e+19,7.83184682505372e+19,8.81427382936208e+19,9.79808868477773e+19
1.90900000800386e+26,1.90900003484658e+26,1.90900008061577e+26,1.90900014531138e+26,1.90900022893336e+26,1.90900033148168e+26,1.90900045295629e+26,1.90900059335719e+26,1.90900075268437e+26,1.90900093093783e+26
1.0347580611263e+23,2.06951643765319e+23,3.10427545849296e+23,4.13903545260364e+23,5.17379674893742e+23,6.20855967644061e+23,7.24332456405362e+23,8.27809174071104e+23,9.31286153534156e+23,1.0347634276868e+24
9.12240773950381e+19,1.02267950461908e+20,1.12839485913209e+20,1.23408251652499e+20,1.33977018315796e+20,1.44545806603254e+20,1.55114621008046e+20,1.65683465920967e+20,1.76252345725349e+20,1.86821264797665e+20
6.59200000011609e+27,6.59200000032703e+27,6.59200000057657e+27,6.59200000086439e+27,6.5920000011905e+27,6.59200000155488e+27,6.59200000195753e+27,6.59200000239847e+27,6.59200000287769e+27,6.59200000339519e+27
2.24969964682635e+20,2.24969964689833e+20,2.24969964698349e+20,2.24969964708171e+20,2.249699647193e+20,2.24969964731734e+20,2.24969964745476e+20,2.24969964760523e+20,2.24969964776877e+20,2.24969964794538e+20
437835462180.808,2187752648522.65,5450904295391.53,10383959709076.4,17143326868507.5,25885413486212.9,36766629230840.6,49943386561971.4,65572101692698.5,83809195687855.4
3.63040648274713e+20,8.60524721048257e+20,1.41274444650465e+21,2.01923046887249e+21,2.6799803955096e+21,3.39499479824936e+21,4.16427452776285e+21,4.98782074509501e+21,5.86563496882727e+21,6.79771912198372e+21
4.4678518405522e+16,1.10588367746575e+17,1.83830589822639e+17,2.64313927256186e+17,3.52037890811733e+17,4.47002554213919e+17,5.49208029159131e+17,6.58654468578601e+17,7.7534207296203e+17,8.99271096652307e+17
3.25457119730589e+22,3.25457253704153e+22,3.25457253768751e+22,3.25457253840284e+22,3.25457253918816e+22,3.25457254004367e+22,3.25457254096961e+22,3.25457254196636e+22,3.25457254303442e+22,3.25457254417443e+22
1.75627326512183e+16,1.75627400192125e+16,1.75627400294583e+16,1.75627400428402e+16,1.75627400593616e+16,1.75627400790234e+16,1.7562740101827e+16,1.75627401277744e+16,1.75627401568681e+16,1.75627401891117e+16
3.49642651640261e+15,3.49642795897528e+15,3.49642796002342e+15,3.49642796129069e+15,3.49642796277778e+15,3.49642796448488e+15,3.49642796641228e+15,3.49642796856036e+15,3.49642797092966e+15,3.49642797352087e+15
22229175.3586744,250598872.768252,970622729.244379,2492940525.37877,5150148847.16119,9296405637.04493,15307263845.4492,23579741381.7128,34532642747.3571,48607142272.4951
2344028693139.38,8143406616253.29,15586307068198.4,23810713756904.2,32414450311991.5,41210540319941.6,50112733434099.2,59081944822733.9,68101200557380.2,77163923351037
2.90508080088167e+17,1.5606373022971e+18,3.9757570617775e+18,7.65406360837712e+18,1.27143667887674e+19,1.92770606456044e+19,2.74649281719095e+19,3.74040395627488e+19,4.92247254552917e+19,6.30626088637646e+19
4.45991217578805e+23,9.24751229525525e+23,1.40350937367311e+24,1.88226563857804e+24,2.36102002637596e+24,2.83977253939197e+24,3.31852318014384e+24,3.79727195134644e+24,4.27601885591783e+24,4.75476389698678e+24
9.96924578675937e+20,4.18992441460078e+21,9.58657105569851e+21,1.71868239881179e+22,2.69906427079682e+22,3.89979867252984e+22,5.32088155649919e+22,6.96230887676964e+22,8.82407658908005e+22,1.09061806509465e+23
4.88679752791205e+18,4.18369922256656e+19,1.44424961091355e+20,3.46010167429899e+20,6.7973067123245e+20,1.1785045946904e+21,1.87503157802694e+21,2.80179422570757e+21,3.99105954309372e+21,5.47488036360361e+21
3.04384716726948e+15,5.31260678906095e+16,2.77462727485105e+17,8.91044970503678e+17,2.19662073839648e+18,4.58467512524246e+18,8.53341077287708e+18,1.46087283051856e+19,2.34642068013342e+19,3.58410843077151e+19
41206795127.1028,728255636087.43,3819099423239.47,12289629349207.9,30333423084468.5,63361472196586.2,118001910116120,202099740645996,324716567011187,496130321445591
7.79432258403412e+15,1.35860073745711e+17,7.08621435000726e+17,2.27265851859494e+18,5.59518732997147e+18,1.16625462317218e+19,2.16786924376625e+19,3.70637084707449e+19,5.94523185189466e+19,9.06924146237335e+19
1006483777091.89,18251695718926.9,96453984421110.4,311370679461309,769588296017104,1.60831343165734e+15,2.99516504670283e+15,5.12796811901372e+15,8.23454866412166e+15,1.25725301116856e+16
1237756763575.76,43829449420829,345182653600411,1.48146070119152e+15,4.5697386828841e+15,1.14487860299402e+16,2.48584846886355e+16,4.86178920412456e+16,8.78019576668597e+16,1.48916902975116e+17
1326104237776.89,47794895777139.2,379168249772388,1.63502838650939e+15,5.06214651247506e+15,1.2722990088024e+16,2.77053596050531e+16,5.43331460602708e+16,9.83782003683856e+16,1.67273306017985e+17
3173994.80986098,118040284.07566,946198007.659257,4101225525.77048,12736829604.0198,32077895182.4608,69954412371.3766,137338258220.969,248882810961.72,423465374561.092
2166321.89835219,78185753.4099906,620546195.977282,2676482993.5467,8287657225.3445,20831699131.5104,45365601735.0746,88970950221.8183,161100972735.771,273929398343.841
7909317324517.67,284215454292510,2.20076754584404e+15,9.21845302914801e+15,2.76833004346995e+16,6.74619330728012e+16,1.42447206713575e+17,2.70958957921638e+17,4.76060013294127e+17,7.85803748622675e+17
319383491.824047,23578546724.2146,277557693619.558,1564207173606.05,5912978518784.48,17393085930161.6,43067383629160.6,94057717555660.4,186697408430317,343751210544846
705559448.358476,51868201207.9525,621858687792.235,3588481807044.48,13915092673829.1,42013830196426,106796287858402,239411885587739,487674155475910,921175107461037
110085.050241258,16442247.4361417,297722506.179567,2299398529.81216,11172274737.2155,40545922664.6996,120387758559.074,308719002594.95,707968995667.905,1486749555865.32
16.8853062917453,5117.14740791294,139887.081279073,1445768.35330436,8801278.708437,38391273.0248549,133145853.854565,390564472.292771,1008336043.22385,2354161459.73731
4.2597232174845e+16,9.48874811841282e+16,1.56916074855433e+17,2.2868305639961e+17,3.10188498690677e+17,4.0143250410781e+17,5.02415204362228e+17,6.1313676032786e+17,7.33597361875791e+17,8.63797227712493e+17
8.31912491840583e+15,9.71094685152769e+15,1.11028131590431e+16,1.24947454791237e+16,1.38867654163874e+16,1.5278894439804e+16,1.66711538847567e+16,1.80635649551013e+16,1.9456148725217e+16,2.08489261420486e+16
1.73164555227482e+17,3.8607885566335e+17,6.31969793312757e+17,9.10838669633782e+17,1.22268729747629e+18,1.56751799802651e+18,1.94533359762981e+18,2.35613742466228e+18,2.79993330645077e+18,3.27672556624127e+18
3.0702776499963e+16,6.59298578666563e+16,1.05706063931113e+17,1.50035152692268e+17,1.98920898723005e+17,2.52367093141262e+17,3.10377543574576e+17,3.7295607412685e+17,4.4010652534735e+17,5.1183275420192e+17
1.44191732516814e+18,2.97856217386504e+18,4.61038227628645e+18,6.33738321755055e+18,8.15957111612117e+18,1.00769526207707e+19,1.20895349074224e+19,1.4197325676057e+19,1.64003331476827e+19,1.86985660613689e+19
1.23849810176015e+19,2.50238389857221e+19,3.79160392599074e+19,5.10593677550158e+19,6.44516343391506e+19,7.80906725960041e+19,9.19743395890941e+19,1.06100515628582e+20,1.20467104040645e+20,1.35072030939385e+20
3.88231227640571e+20,7.79025786941057e+20,1.17239575216462e+21,1.56834127694665e+21,1.96686257398387e+21,2.36795991466059e+21,2.77163362867553e+21,3.17788410367337e+21,3.58671178488129e+21,3.99811717475018e+21
5.75022345586343e+19,8.6860191329047e+19,1.02044817958544e+20,1.10091139762642e+20,1.14542303374493e+20,1.17182793064781e+20,1.18911354051106e+20,1.20180634737636e+20,1.21218609716264e+20,1.22140098044544e+20
2.19237019555892e+19,7.2536473857962e+19,1.37871692794175e+20,2.10895222615345e+20,2.88064367568514e+20,3.67594874300299e+20,4.48588118499697e+20,5.30591518030713e+20,6.13377137814741e+20,6.96830185591763e+20
1.72931939207828e+15,2.02916255729832e+15,2.33818057387124e+15,2.65198352518811e+15,2.96835923817811e+15,3.2861938668597e+15,3.60492672943732e+15,3.924275740683e+15,4.24409912784577e+15,4.56432578485532e+15
5.52191360412164e+17,8.91586949131516e+17,1.11342339292291e+18,1.27024742903884e+18,1.39111868845011e+18,1.49210792661714e+18,1.58210277076575e+18,1.66601842296832e+18,1.74657324799843e+18,1.82527071161335e+18
1.77678067977039e+17,6.13323630192165e+17,1.2119114472832e+18,1.92089520533013e+18,2.71121590278959e+18,3.56680361874537e+18,4.4787717645773e+18,5.44220637983912e+18,6.45439054338285e+18,7.51382243408083e+18
6.15421276382957e+17,1.29207078682966e+18,2.03023485690667e+18,2.82991372945559e+18,3.69110780595967e+18,4.61381764571327e+18,5.59804396494113e+18,6.64378763597085e+18,7.75104968644835e+18,8.91983129858994e+18
4.22221807327145e+20,6.71485941043987e+20,8.20098403824808e+20,9.10129791179647e+20,9.66066002008902e+20,1.00215831380212e+21,1.02670126342352e+21,1.04452245348218e+21,1.05843166605881e+21,1.07006427391286e+21
1.45210394863928e+21,2.9237337671834e+21,4.41497824297243e+21,5.92583623736673e+21,7.45630745102608e+21,9.00639214337584e+21,1.05760909689045e+22,1.21654048814898e+22,1.37743350783267e+22,1.54028829669138e+22
8.9842198697948e+19,2.29958678785275e+20,3.45334300850673e+20,4.2625461783235e+20,4.79672765700169e+20,5.14317829615632e+20,5.37009265389293e+20,5.52361975584949e+20,5.63301794991823e+20,5.71620711777278e+20
3.36043082880293e+19,1.92557387017864e+20,4.80368698980743e+20,8.65135498975041e+20,1.31568271614141e+21,1.809183709475e+21,2.33061405954606e+21,2.87058351348685e+21,3.42338699979221e+21,3.98561508351703e+21
2.61417994590101e+15,2.9012178976293e+16,1.13228910100615e+17,2.84321287385213e+17,5.629414571983e+17,9.62804227550201e+17,1.49282702857176e+18,2.15885298439105e+18,2.9648311443349e+18,3.91356927661354e+18
1.23709612112811e+16,2.85191603227454e+16,4.84638643389676e+16,7.22079644129122e+16,9.97553381836562e+16,1.31110540388434e+17,1.66278571470967e+17,2.05264723848188e+17,2.48074485356864e+17,2.94713480430282e+17
4.42935461664481e+17,9.56868014184013e+17,1.5421297286267e+18,2.1987210102901e+18,2.92664241132306e+18,3.72589463038691e+18,4.59647851220008e+18,5.53839504710994e+18,6.55164537069437e+18,7.63623076339468e+18
1.48453713910784e+19,1.49539310000673e+19,1.50624418190295e+19,1.51709532793306e+19,1.52794656203484e+19,1.5387979080188e+19,1.54964938958903e+19,1.56050103034751e+19,1.57135285379855e+19,1.58220488335313e+19
3.12032139807335e+20,6.29219955162708e+20,9.5158747496826e+20,1.27913478589999e+21,1.61186200907841e+21,1.94976929988814e+21,2.29285684779256e+21,2.6411248761535e+21,2.9945736420558e+21,3.35320343613677e+21
1.70553220556645e+20,3.58383622666682e+20,5.47582509558647e+20,7.38149833655356e+20,9.30085603918919e+20,1.12338983232088e+21,1.31806253382832e+21,1.51410372639075e+21,1.71151343092747e+21,1.91029167131557e+21
1.18779050465324e+18,1.19647803342582e+18,1.20516126384137e+18,1.21384454543359e+18,1.22252789735891e+18,1.23121133867058e+18,1.23989488833666e+18,1.24857856524351e+18,1.25726238819932e+18,1.26594637593757e+18
702744417200.991,1338202185883.58,1977868479178.65,2621743244097.46,3269826603215.75,3922118688442.3,4578619641022.78,5239329611544.62,5904248759942.49,6573377255504.62
7.57209591309396e+16,2.73305840881874e+17,5.94378163874235e+17,1.03975302844083e+18,1.6102455552019e+18,2.30667088942314e+18,3.12984420282363e+18,4.08058069538481e+18,5.15969559716033e+18,6.36800417008712e+18
109843355071842,313814101215991,617622788727783,1.02660524013004e+15,1.54613243220881e+15,2.18161049810598e+15,2.93848072941524e+15,3.82221957843767e+15,4.83833866058906e+15,5.99238475695269e+15
5.41778984977485e+15,1.36149366444115e+16,2.46043953381208e+16,3.83861425796449e+16,5.49601659676947e+16,7.43264629003858e+16,9.64850396310427e+16,1.21435910487022e+17,1.491790972199e+17,1.79714628464236e+17
8.30018323481464e+16,1.47894011868858e+17,2.05392075700686e+17,2.5983264838309e+17,3.1300906553667e+17,3.65662963841882e+17,4.18101082206432e+17,4.70450320955338e+17,5.22763213747699e+17,5.75061542275359e+17
1.79609087668616e+18,4.47849322849723e+18,8.05135067886291e+18,1.25146658458161e+19,1.78684435009064e+19,2.41126904280244e+19,3.12474153608043e+19,3.92726289536121e+19,4.81883437668007e+19,5.79945742582411e+19
8.54503239993363e+15,1.74072352471537e+16,2.6269742304343e+16,3.51326615699007e+16,4.39961008089523e+16,5.28601673098517e+16,6.1724967915097e+16,7.05906090521128e+16,7.94571967638637e+16,8.83248367392986e+16
5.08211463572219e+18,2.09568602731197e+19,4.67143211633755e+19,8.14752626678887e+19,1.24438867996662e+20,1.74875757511436e+20,2.3212162937486e+20,2.955714662624e+20,3.64674257752675e+20,4.38928192496484e+20
1943271795387.54,3655588862334.19,5172956800332.78,6525524772845.35,7738792778142.86,8834331823605.63,9830390642322.96,10742407934237.7,11583445303210.7,12364553358324.2
2034333785368.21,4090658916806.79,6168858508547.81,8268470298885.83,10389038793119.9,12530117926292.2,14691272000118.8,16872075910563.9,19072115086189.8,21290985310897.5
3.86154024723546e+16,1.41322480970816e+17,2.97610248532862e+17,5.031379922083e+17,7.56110873217389e+17,1.05578687191131e+18,1.4018593807408e+18,1.79420189456197e+18,2.23276243519085e+18,2.71751989398001e+18
81377528656831.1,145074450488798,201508682527279,254939768192645,307129167508381,358805334910145,410269557120498,461646478806036,512987699790692,564314614528030
2346207827.71023,6452583247.08764,12227819145.409,19536716003.2086,28323370757.1872,38564672547.4533,50251072324.4113,63378630711.8875,77945729647.1986,93951712583.608
6.5269530069392e+16,1.36092059581794e+17,2.06916978711575e+17,2.7774514445617e+17,3.48577415554022e+17,4.1941464693958e+17,4.90257689990052e+17,5.61107392771148e+17,6.31964600281472e+17,7.02830154695573e+17
6070103986770.67,12365921803719.2,18661955393629.5,24958281371058.4,31254976185543.6,37552115948596.4,43849776455652.5,50148033207926.8,56446961434149,62746636112178.4
4880341162798.51,19872961869888.3,44117216438572.6,76790017725763,117141688870593,164489428362188,218211356782356,277741093463656,342562815895916,412206758912547
21282666461911.2,44020440637832.1,66758954923562.1,89498525071825.5,112239467447854,134982098505591,157726735040636,180473694440479,203223294932024,225975855826579
77969852690318.6,377590206606984,1.02663803075621e+15,2.13728802241594e+15,3.8153871353487e+15,6.16416605624176e+15,9.28577408472668e+15,1.32819139489591e+16,1.82541044273182e+16,2.43037890609244e+16
7.16056096279133e+17,3.08448052786922e+18,7.11893999010416e+18,1.28195007479691e+19,2.01862493118876e+19,2.92192923542939e+19,3.99187566227047e+19,5.22847888586432e+19,6.6317555722366e+19,8.20172437233492e+19
1.60506403289644e+17,1.3255130866073e+18,4.46078465239493e+18,1.04464016577527e+19,2.008419341566e+19,3.4104717789973e+19,5.31736196507749e+19,7.78974232969791e+19,1.08828809230399e+20,1.46471421180881e+20
109097876856013,473846628621770,1.1164391227614e+15,2.07089156673434e+15,3.38304654265498e+15,5.10952167222084e+15,7.31675206756122e+15,1.00801182196548e+16,1.34831517186442e+16,1.76168118773822e+16
4.59407703189534e+15,1.96555249710908e+16,4.52333671006305e+16,8.13277262792493e+16,1.27938762827349e+17,1.8506667724006e+17,2.52711712692643e+17,3.30874157377753e+17,4.1955434669242e+17,5.1875266529096e+17
491611925604.639,687900491680.212,965972578679.788,1328372147643.56,1777641493172.48,2316323998836.57,2946966865094.38,3672123808751.3,4494357735584.19,5416243387487.5
20259508864831.8,50530588997856.7,90860258613922.6,141248773738737,201696433993433,272203583174810,352770609929235,443397948557992,544086079954534,654835532673729
2.99592139341269e+16,7.66432924284348e+16,1.40130485056936e+17,2.20420884271522e+17,3.17514613791632e+17,4.31411828594554e+17,5.62112714894829e+17,7.09617490149431e+17,8.73926403088604e+17,1.05503973377222e+18
1.59670460379612e+17,3.37451124818276e+17,5.32837981729355e+17,7.4523585846747e+17,9.74069771002788e+17,1.21878424116432e+18,1.47884263696136e+18,1.75372653524759e+18,2.0429351059722e+18,2.34598451728786e+18
3.55902855307169e+18,3.67141801719006e+18,3.78338596763764e+18,3.89535615103287e+18,4.00732940496669e+18,4.11930651078591e+18,4.23128824579823e+18,4.34327538340461e+18,4.45526869322472e+18,4.56726894122183e+18
3.14594312487313e+17,3.36356326284004e+17,3.55236422827702e+17,3.72048387891388e+17,3.873556497456e+17,4.01568194172594e+17,4.14984360812464e+17,4.27821251964167e+17,4.40236858987779e+17,4.52346162173555e+17
4.03158367767355e+18,7.53525013540783e+18,1.0227025655195e+19,1.23279936695865e+19,1.39990749991734e+19,1.53573616923074e+19,1.6488054593564e+19,1.74531495003537e+19,1.82977574836167e+19,1.90547037519495e+19
1.35015202554883e+17,1.94018606115686e+17,2.25956820206083e+17,2.48247041464704e+17,2.67098146557768e+17,2.84723508469511e+17,3.01912197447521e+17,3.18945554241526e+17,3.35923927118311e+17,3.52883146006327e+17
6.08702028084867e+20,6.16321578639348e+20,6.23929704828746e+20,6.31538732177116e+20,6.39148956236665e+20,6.4676067043846e+20,6.54374166358554e+20,6.61989733742513e+20,6.6960766052981e+20,6.77228232878092e+20
2.37547948192693e+19,5.27803117855666e+19,8.36290435203865e+19,1.16078688670306e+20,1.49967788355601e+20,1.85178872658461e+20,2.21626481266549e+20,2.59248446942667e+20,2.97999553094579e+20,3.37846918815034e+20
7433935207552.65,13513825438787.1,19870354861273.3,26469789297677.3,33287627635056.2,40306044016912.3,47512069992505,54896271796891.2,62451787897483.9,70173628681581.9
3.02938434223361e+16,9.51488605853074e+16,1.76485120250123e+17,2.67858391937627e+17,3.6697151207598e+17,4.73005669890396e+17,5.85669073479614e+17,7.04857821917437e+17,8.30535014542025e+17,9.62687656722119e+17
1.16200791743702e+16,1.34005728017477e+16,1.51810766029734e+16,1.69615841597524e+16,1.87420932211226e+16,2.05226030032428e+16,2.23031132489572e+16,2.40836238928146e+16,2.58641349419315e+16,2.76446464337991e+16
4.75106557225907e+18,5.00548255091383e+18,5.20008678791066e+18,5.39389689718977e+18,5.58769990290634e+18,5.78150727970945e+18,5.97532016870395e+18,6.1691395690584e+18,6.36296647398436e+18,6.55680187279075e+18
1.82905386968233e+19,1.85313391479802e+19,1.87717879164907e+19,1.90122641042252e+19,1.92527767228837e+19,1.94933347194629e+19,1.97339469844918e+19,1.99746223527936e+19,2.02153696042427e+19,2.04561974645171e+19
1.01909099408049e+20,1.03145214423478e+20,1.04381442466123e+20,1.05617837899971e+20,1.06854454774512e+20,1.08091346792261e+20,1.09328567312913e+20,1.10566169357462e+20,1.11804205612297e+20,1.13042728433274e+20
8.52756166711902e+15,2.79549871624289e+16,5.89494924015638e+16,1.01992345825695e+17,1.57511174547206e+17,2.25894586803307e+17,3.07502803302881e+17,4.02675393457004e+17,5.11736905032043e+17,6.35000960988971e+17
7.12939684957481e+17,1.55508974891541e+18,2.51716984920034e+18,3.59918043771578e+18,4.80112169943799e+18,6.12299372553246e+18,7.56479657509936e+18,9.12653029744013e+18,1.08081949402706e+19,1.26097905529428e+19
1.56407445977929e+19,3.65538088612094e+19,5.8354375677021e+19,8.09840806624633e+19,1.04442163333764e+20,1.28728634644e+20,1.53843520052359e+20,1.79786849424184e+20,2.06558656878578e+20,2.34158980769525e+20
5.96702130484792e+21,1.2639996326635e+22,1.94002188537699e+22,2.62476862860704e+22,3.3182411671866e+22,4.02044113125544e+22,4.73137047420648e+22,5.45103147065422e+22,6.17942671443024e+22,6.91655911660617e+22
4.88280436377811e+17,5.4596626836224e+17,6.03141619422413e+17,6.60380690519917e+17,7.17684350820195e+17,7.75052700058132e+17,8.32485839394487e+17,8.89983872542236e+17,9.47546905856231e+17,1.00517504842103e+18
4.64022577380742e+19,9.54714163095726e+19,1.47219923868893e+20,2.01647833252665e+20,2.58755219222376e+20,3.18542178278077e+20,3.81008828536886e+20,4.46155309615137e+20,5.13981782514045e+20,5.84488429508894e+20
1.52730500740331e+20,1.54876232240186e+20,1.57022130782088e+20,1.59168277094958e+20,1.61314751465877e+20,1.63461633671037e+20,1.6560900298244e+20,1.67756938174549e+20,1.69905517530892e+20,1.72054818850641e+20
8.52193865313099e+17,8.68523187513324e+17,8.84853438701732e+17,9.01185065154593e+17,9.1751851079388e+17,9.33854216754514e+17,9.50192621427127e+17,9.66534160500533e+17,9.82879267003956e+17,9.99228371349052e+17
1.06985192675054e+22,2.15673711731066e+22,3.25824244742638e+22,4.37436874277042e+22,5.50511714794669e+22,6.65048912450188e+22,7.81048644893775e+22,8.98511121075166e+22,1.0174365810505e+23,1.13782529579197e+23
1.0733321618954e+18,1.08362193012278e+18,1.09391270807222e+18,1.10420496423357e+18,1.11449916433793e+18,1.12479577113142e+18,1.13509524441097e+18,1.14539804105987e+18,1.15570461508295e+18,1.16601541764172e+18
2.61741386039399e+18,6.04165532562987e+18,9.84495382793119e+18,1.40271612888422e+19,1.85887035871962e+19,2.35300080184926e+19,2.88515025401356e+19,3.45536157869922e+19,4.06367770885719e+19,4.71014164867911e+19
2.30003601516517e+16,5.8961658978308e+16,1.07638113068596e+17,1.68700416187064e+17,2.41834293164923e+17,3.26739879429034e+17,4.23131074360612e+17,5.30734923646396e+17,6.49291029393064e+17,7.78550986758374e+17
1.35598752398842e+22,2.7566591579459e+22,4.17689768160715e+22,5.61670498389962e+22,7.07608368720913e+22,8.55503714274085e+22,1.00535694258984e+23,1.15716853317234e+23,1.31093903703963e+23,1.46666907627957e+23
5.2373641760665e+18,6.84894197741313e+18,8.20942113185462e+18,9.56043052761269e+18,1.09193314738687e+19,1.22873781251162e+19,1.36646680678495e+19,1.50512161067838e+19,1.64470313855115e+19,1.78521229242342e+19
1.4212870468341e+22,2.85373732692753e+22,4.29728324128354e+22,5.75189151822513e+22,7.21752962230997e+22,8.69416574733067e+22,1.01817688099782e+23,1.16803084436187e+23,1.31897549921427e+23,1.47100795038826e+23
485393568450223,2.33223455858281e+15,6.13218557782977e+15,1.24618528657022e+16,2.18830589191494e+16,3.49435196709189e+16,5.21774916523454e+16,7.41063901145412e+16,1.01239379412872e+17,1.34073936901512e+17
1.45011656686756e+18,5.35319632887486e+18,1.1728125749975e+19,2.05934296656074e+19,3.19675780404808e+19,4.58689871932056e+19,6.23160210098208e+19,8.13269921468846e+19,1.02920163224274e+20,1.27113748007808e+20
7.28663663789097e+20,7.95317620497167e+20,8.18278763521285e+20,8.38355179193293e+20,8.58241617640096e+20,8.78116153012063e+20,8.97990679139074e+20,9.17866115956656e+20,9.37742658013379e+20,9.57620451210671e+20
1.14541764434201e+17,2.66465772824285e+17,4.55943671597664e+17,6.82975318234851e+17,9.47560818873209e+17,1.24970034540393e+18,1.58939412347931e+18,1.96664243185133e+18,2.38144560249786e+18,2.8338040208394e+18
9.58768857264246e+19,1.05600999069468e+20,1.08702737852566e+20,1.11367240093604e+20,1.14002936905428e+20,1.16636815525029e+20,1.192706758332e+20,1.21904654457816e+20,1.24538778105372e+20,1.27173066132721e+20
1.30744084775748e+21,3.41716789585554e+21,5.63158746851169e+21,7.9037073364318e+21,1.02304257132615e+22,1.26115393302578e+22,1.50470366818765e+22,1.7536919293065e+22,2.00811899153151e+22,2.26798517453135e+22
1.72462972655562e+16,3.19809468966264e+16,4.63680110834941e+16,6.07658275748165e+16,7.52731504194157e+16,8.99223633754984e+16,1.04724516822513e+17,1.19683416401942e+17,1.34800380549381e+17,1.50075872502876e+17
8.13585795492555e+17,1.75676124478011e+18,2.83013175910101e+18,4.03369747095672e+18,5.36745873104199e+18,6.8314160557268e+18,8.4255701120544e+18,1.01499217129755e+19,1.20044718159907e+19,1.39892215230251e+19
5.37052923375972e+18,5.40917877817106e+18,5.44782855969055e+18,5.48647867973302e+18,5.52512924164684e+18,5.56378034822542e+18,5.60243210177792e+18,5.64108460419675e+18,5.67973795702242e+18,5.71839226150576e+18
1.39695384040099e+20,2.67375257158465e+20,3.84433508064295e+20,4.9208676213392e+20,5.91412325773887e+20,6.83364143212637e+20,7.68786925677944e+20,8.48428662293822e+20,9.22951698046932e+20,9.92942542943421e+20
9.69986303893602e+15,3.60089748392349e+16,7.7784070830517e+16,1.34889816196402e+17,2.0740021747439e+17,2.95452343115347e+17,3.99204386906119e+17,5.18821785269809e+17,6.54472474553176e+17,8.06325261216969e+17
667609813703.97,1154778561755.21,1658425312768.23,2179123903222.92,2717011441730.76,3272244600935.03,3845000148919.51,4435462837325.9,5043820268219.36,5670261052528.52
4.82551973801121e+19,5.2820872437713e+19,5.35277555281403e+19,5.3934538495268e+19,5.4317986041843e+19,5.46996234291547e+19,5.50811256343409e+19,5.54626238500035e+19,5.58441292033854e+19,5.62256434813034e+19
5.83121490941463e+15,1.11585973938347e+16,1.60426264842312e+16,2.05342682057983e+16,2.46784832856283e+16,2.85150708585898e+16,3.20792717697483e+16,3.54022915966171e+16,3.85117628976972e+16,4.14321544499756e+16
19515507226548.5,63725287405336.6,133745139306943,230384170094672,354421539783732,506639461105301,687827204239895,898781906509316,1.14030880814955e+15,1.41322133129713e+15
8.11423649825349e+19,2.12275868291962e+20,3.48242438016181e+20,4.85483389772574e+20,6.23721968906246e+20,7.629366627822e+20,9.03125811616916e+20,1.04428930196913e+21,1.18642714301253e+21,1.32953935580413e+21
8.59034462899026e+18,3.34280845294763e+19,7.31739221485258e+19,1.26625747750377e+20,1.9271800964033e+20,2.70507259778651e+20,3.59158263907544e+20,4.57931617693262e+20,5.66172774642628e+20,6.83302330182608e+20
395440347848855,1.3645671570016e+15,3.23972952706019e+15,6.32518157953312e+15,1.09010690498914e+16,1.72261840730091e+16,2.55404136113441e+16,3.60669082296594e+16,4.90140025940292e+16,6.45769160804334e+16
1.50210355240391e+16,3.29994328534746e+16,5.39499017276347e+16,7.78735234252909e+16,1.04771551770754e+17,1.34645399844721e+17,1.6749662830419e+17,2.03326935056925e+17,2.42138146132449e+17,2.83932207612827e+17
9.92908463749936e+16,1.21074114279613e+17,1.3957199765799e+17,1.5793002795341e+17,1.76282147633883e+17,1.94634076090613e+17,2.12986073481417e+17,2.3133816761638e+17,2.49690376522763e+17,2.68042717942807e+17
4.48883088057262e+18,9.4765363024059e+18,1.49653937779336e+19,2.09554027042869e+19,2.74465656967235e+19,3.44388864429228e+19,4.19323696097621e+19,4.99270208381511e+19,5.84228467422406e+19,6.74198549094381e+19
6.42783688773714e+16,6.80578139396165e+16,7.18373411308201e+16,7.56169696166353e+16,7.93967185796931e+16,8.31766071148454e+16,8.69566542360875e+16,9.07368788834744e+16,9.45172999300065e+16,9.82979361884857e+16
1.41981395538027e+20,2.90273854452182e+20,4.44906971976604e+20,6.05880898826962e+20,7.73195843622497e+20,9.46852072576146e+20,1.12684990918623e+21,1.3131897339419e+21,1.50587198404233e+21,1.70489715312956e+21
8.66319999844276e+16,8.92896590793872e+16,9.19474852877725e+16,9.46055284858025e+16,9.7263838318264e+16,9.99224641338517e+16,1.0258145499297e+17,1.05240859675483e+17,1.07900726688426e+17,1.10561104273673e+17
2.12087987992077e+17,5.48790180449114e+17,9.33646279792573e+17,1.36188182419804e+18,1.83182547537615e+18,2.34199021763954e+18,2.89094723112425e+18,3.47731873343319e+18,4.09977595014317e+18,4.75703736501752e+18
59542338515239.3,166919182476606,291008339074356,429031094856209,580228502656076,744047859234676,920005500020595,1.10765509891957e+15,1.3065748516444e+15,1.5163616898679e+15
196353839930764,735450463363958,1.49724836805959e+15,2.40644949270924e+15,3.42783723855537e+15,4.54443861807393e+15,5.74725960606252e+15,7.030813551759e+15,8.39118594301502e+15,9.82519633695744e+15
1.96859536359127e+18,2.08526144994245e+18,2.20193260397666e+18,2.31860870583476e+18,2.43528988699466e+18,2.55197651445755e+18,2.66866905695309e+18,2.78536802671464e+18,2.90207395439915e+18,3.01878737834666e+18
588896505913092,726999465453922,865103253095236,1.00320823989963e+15,1.1413148067353e+15,1.27942334057628e+15,1.41753423185865e+15,1.55564787361512e+15,1.69376466138622e+15,1.83188499346417e+15
1.19598689962176e+19,1.23373016920847e+19,1.27147571333697e+19,1.30922421876915e+19,1.34697637017903e+19,1.38473284816927e+19,1.42249432938138e+19,1.46026148660516e+19,1.4980349888876e+19,1.53581550164113e+19
1,1,1,1,1,1,1,1,1,1
